type_label,type_start,type_end,subtype,title_de,description_de,title_en,part,division,subsection,group_label,group_title,grundtvig_no,grimm_no,page
1,1,1,,Das Erbeuten der Fische,der Fuchs stellt sich tot; der Mann hebt ihn auf seinen mit Fischen beladenen Schlitten.,The theft of fish,I. Tiermärchen,,Die Tiere des Waldes,1–69,Der Fuchs = das schlaue Tier,,,1
2,2,2,,Das Fischen mit dem Schwanze,"der Bär (Wolf) wird verleitet, seinen Schwanz in das Loch im Eise zu stecken; der Schwanz friert fest; die Bäuerin schlägt mit einer Stange auf den Bären ein; er rettet sich mit Verlust des Schwanzes.",Fishing with the tail,I. Tiermärchen,,Die Tiere des Waldes,1–69,Der Fuchs = das schlaue Tier,,,1
3,3,3,,Der mit Buttermilch Befleckte stellt sich schwerverletzt,"beim Naschen von Buttermilch befleckt sich der Fuchs den Kopf; er gibt vor, so misshandelt worden zu sein, dass das Gehirn freigelegt ist.","Smeared with buttermilk, he pretends to be badly wounded",I. Tiermärchen,,Die Tiere des Waldes,1–69,Der Fuchs = das schlaue Tier,,,1
4,4,4,,Das Tragen des scheinbar Verletzten,der Fuchs: „der Kranke trägt den Gesunden“ (Grimm No. 74).,Carrying the sham-sick animal,I. Tiermärchen,,Die Tiere des Waldes,1–69,Der Fuchs = das schlaue Tier,,74,1
5,5,5,,Das Beissen in den Fuss,der Fuchs zum Bären: „du beisst in die Baumwurzel“.,Biting the foot,I. Tiermärchen,,Die Tiere des Waldes,1–69,Der Fuchs = das schlaue Tier,,,1
6,6,6,,Die Frage nach der Windrichtung als Mittel zur Rettung,"der Fuchs im Rachen des Bären (Wolfes), fragt: „woher kommt der Wind?“ der Bär öffnet den Rachen um zu antworten; der Fuchs entrinnt. align=""right"" valign=""top"" |",Asking the wind's direction as a means of escape,I. Tiermärchen,,Die Tiere des Waldes,1–69,Der Fuchs = das schlaue Tier,,,1
7,7,7,,Das Nennen von drei Baumnamen,"Bär (Wolf) und Fuchs wetten, wer schneller drei Bäume nennen kann.",Naming three tree names,I. Tiermärchen,,Die Tiere des Waldes,1–69,Der Fuchs = das schlaue Tier,,,2
8,8,8,,Das Bemalen,der Fuchs lässt den Bären (Wolf) sich auf einen Heuschober stellen und zündet den Schober an.,Painting,I. Tiermärchen,,Die Tiere des Waldes,1–69,Der Fuchs = das schlaue Tier,,,2
9,9,9,,Auf dem Felde und in der Scheune,"der Bär arbeitet, der Fuchs steht müssig; in der Scheune drischt der Bär, der Fuchs gibt vor, die Dachbalken zu stützen, damit sie nicht dem Bären auf den Kopf fallen; bei der Teilung nimmt der Fuchs das Korn, der Bär den grösseren Spreuhaufen; beim Mahlen gibt das Getreide des Fuchses ein anderes Geräusch als das des Bären; beim Kochen wird die Grütze des Fuchses hell, die des Bären schwarz; beim Essen nimmt der Fuchs heimlich einen Löffel voll von der Grütze des Bären und lässt den Bären kosten; dieser glaubt nun, dass die Grütze des Fuchses ebenso schlecht schmeckt wie seine eigene.",In the field and in the barn,I. Tiermärchen,,Die Tiere des Waldes,1–69,Der Fuchs = das schlaue Tier,,,2
15,15,15,,Das Naschen der Butter (des Honigs),"der Fuchs (das Huhn) gibt vor, zu einer Taufe als Gevatter gebeten zu sein; verzehrt den Buttervorrat des Bären (Wolfes, resp. Hahnes); schmiert etwas Butter dem schlafenden Bären (Wolf) an den Rachen (oder unter den Schwanz).",Stealing the butter (the honey),I. Tiermärchen,,Die Tiere des Waldes,1–69,Der Fuchs = das schlaue Tier,,,2
20,20,20,,Die Tiere fressen einander auf (auf den Rat des Fuchses wird das kleinste zuerst gefressen u. dergl.),,"The animals eat one another (on the fox's advice the smallest is eaten first, and the like)",I. Tiermärchen,,Die Tiere des Waldes,1–69,Der Fuchs = das schlaue Tier,,,2
20 A,20,20,A,,Die Tiere geraten in eine Fanggrube.,,I. Tiermärchen,,Die Tiere des Waldes,1–69,Der Fuchs = das schlaue Tier,,,2
20 B,20,20,B,,"Ein alter Mann gerät in ein Fangeisen und kommt um; die Tiere ziehen die Beute heimwärts, fressen ihn allmählich auf und haben dann keine Nahrung mehr.",,I. Tiermärchen,,Die Tiere des Waldes,1–69,Der Fuchs = das schlaue Tier,,,2
20 C,20,20,C,,Die Tiere auf der Flucht vor dem Untergang der Welt oder vor dem Kriege (ein Blatt ist in den See oder eine Nuss dem Huhn auf den Kopf gefallen).,,I. Tiermärchen,,Die Tiere des Waldes,1–69,Der Fuchs = das schlaue Tier,,,2
21,21,21,,Das Fressen der eigenen Eingeweide,"der Fuchs verleitet den Bären (Wolf) dazu, seine eigenen Eingeweide zu verzehren.",Eating his own entrails,I. Tiermärchen,,Die Tiere des Waldes,1–69,Der Fuchs = das schlaue Tier,,,2
30,30,30,,"Der Fuchs stellt es so an, dass der Wolf in die Grube fällt",Wettlauf.,The fox contrives to make the wolf fall into the pit,I. Tiermärchen,,Die Tiere des Waldes,30–35,Die Rettung aus der Grube,,,3
31,31,31,,,Der Fuchs stellt sich auf den (aufrechtstehenden) Wolf und springt aus der Grube hinauf.,,I. Tiermärchen,,Die Tiere des Waldes,30–35,Die Rettung aus der Grube,,,3
32,32,32,,,"Der Wolf gerät mit dem einen Eimer in den Brunnen, während der Fuchs im andern Eimer hinaufgezogen wird.",,I. Tiermärchen,,Die Tiere des Waldes,30–35,Die Rettung aus der Grube,,,3
33,33,33,,,Der Fuchs stellt sich tot; der Mann wirft ihn aus der Grube hinauf; er entflieht.,,I. Tiermärchen,,Die Tiere des Waldes,30–35,Die Rettung aus der Grube,,,3
36,36,36,,Der Fuchs vergewaltigt die Bärin (der Hase die Füchsin),"die Bärin hat sich im Baumspalt (Zaunlücke) festgeklemmt; (der Fuchs berusst sich, wird für den Pastor gehalten).",The fox violates the she-bear (the hare the vixen),I. Tiermärchen,,Die Tiere des Waldes,1–69,Der Fuchs = das schlaue Tier,,,3
37,37,37,,Die Suche nach einer Kinderwärterin (einem Klageweib),der Fuchs als Kindermagd; frisst die Jungen des Bären auf.,The search for a nursemaid (a mourning-woman),I. Tiermärchen,,Die Tiere des Waldes,1–69,Der Fuchs = das schlaue Tier,,,3
38,38,38,,Die Tatze in der Baumritze,"der Fuchs (Mensch) verleitet den Bären, seine Tatze in die Ritze zu stecken (vgl. No. 151).",The paw in the cleft of the tree,I. Tiermärchen,,Die Tiere des Waldes,1–69,Der Fuchs = das schlaue Tier,,,3
39,39,39,,"Der Bär wirft die Eberesche um, damit die alte Mutter des Fuchses die Beeren erlangen kann","der Fuchs verzehrt selbst die Beeren. [Baumtragen, siehe No. 1052].",The bear knocks over the rowan so the fox's old mother can reach the berries,I. Tiermärchen,,Die Tiere des Waldes,1–69,Der Fuchs = das schlaue Tier,,,3
40,40,40,,Der Fuchs läutet,"der Bär frisst ein Pferd, an dessen Hals eine Glocke befestigt ist, der Fuchs läutet an der Glocke. [Ernteteilung, siehe No. 1030].",The fox rings the bell,I. Tiermärchen,,Die Tiere des Waldes,1–69,Der Fuchs = das schlaue Tier,,,3
41,41,41,,Der Fuchs führt den Wolf zum Naschen in den Keller,"der Wolf frisst so viel, dass er nicht wieder zum Kellerloch herauskann, und wird getötet (Grimm No. 73).",The fox leads the wolf into the cellar to feast,I. Tiermärchen,,Die Tiere des Waldes,1–69,Der Fuchs = das schlaue Tier,,73,3
42,42,42,,Wettstreit im Lachen,zwischen Fuchs und Bär.,The laughing contest,I. Tiermärchen,,Die Tiere des Waldes,1–69,Der Fuchs = das schlaue Tier,,,3
43,43,43,,"Der Bär baut ein Haus aus Holz, der Fuchs aus Eis",im Sommer will der Fuchs den Bären aus seinem Hause vertreiben (vgl. No. 1097).,"The bear builds a house of wood, the fox of ice",I. Tiermärchen,,Die Tiere des Waldes,1–69,Der Fuchs = das schlaue Tier,,,3
47,47,47,,Der Fuchs (Bär u. s. w.) mit den Zähnen am Schwanze des Pferdes hängend,"der Hase fragt ihn, wohin die Fahrt geht. (Grimm No. 132).","The fox (bear, etc.) hanging by its teeth from the horse's tail",I. Tiermärchen,,Die Tiere des Waldes,1–69,Der Fuchs = das schlaue Tier,,132,4
50,50,50,,Der kranke Löwe,"der Fuchs gibt vor, für den Löwen ein Heilmittel zu suchen; rät, dem Wolfe die Haut abzuziehn.",The sick lion,I. Tiermärchen,,Die Tiere des Waldes,1–69,Der Fuchs = das schlaue Tier,,,4
55,55,55,,Die Tiere beim Wegebau,"der Fuchs als Arbeitsleiter; die Tiere, die nicht an der Arbeit teilnehmen, werden bestraft.",The animals build a road,I. Tiermärchen,,Die Tiere des Waldes,1–69,Der Fuchs = das schlaue Tier,,,4
56,56,56,,Der Fuchs erbeutet durch List die Jungen der Elster,,The fox tricks the magpie out of her young,I. Tiermärchen,,Die Tiere des Waldes,1–69,Der Fuchs = das schlaue Tier,,,4
56 A,56,56,A,,"Der Fuchs droht den Baum umzustossen; die Krähe gibt gute Ratschläge; der Fuchs rächt sich, stellt sich tot und fängt die Krähe.",,I. Tiermärchen,,Die Tiere des Waldes,1–69,Der Fuchs = das schlaue Tier,,,4
56 B,56,56,B,,"Der Fuchs verleitet die Elster, ihre Jungen in seinen Bau zu bringen; die Elster rächt sich; der Hund stellt sich tot und tötet den Fuchs.",,I. Tiermärchen,,Die Tiere des Waldes,1–69,Der Fuchs = das schlaue Tier,,,4
57,57,57,,Der Rabe mit dem Käse im Schnabel,der Fuchs verleitet den Raben zum Singen; der Käse fällt herunter.,The raven with the cheese in its beak,I. Tiermärchen,,Die Tiere des Waldes,1–69,Der Fuchs = das schlaue Tier,,,4
60,60,60,,Die gegenseitige Einladung,"der Kranich (Reiher) hat die Speisen in einem Butterfass, der Fuchs auf einer glatten Felsplatte; der Kranich verletzt sich den Schnabel.",The mutual invitation,I. Tiermärchen,,Die Tiere des Waldes,1–69,Der Fuchs = das schlaue Tier,,,4
61,61,61,,"Der Fuchs verleitet den Hahn, mit geschlossenen Augen zu krähen",stürzt sich dann auf ihn.,The fox persuades the cock to crow with closed eyes,I. Tiermärchen,,Die Tiere des Waldes,1–69,Der Fuchs = das schlaue Tier,,,4
62,62,62,,Der Friede unter den Tieren,"der Fuchs lockt die Hühner zu sich; entflieht, als er von den Hunden reden hört und sagt, sie hätten noch nichts vom Friedensschluss erfahren.",Peace among the animals,I. Tiermärchen,,Die Tiere des Waldes,1–69,Der Fuchs = das schlaue Tier,,,4
65,65,65,,Die Freier der Füchsin,"zu einer verwittweten Füchsin kommen Freier, Füchse oder andere Tiere; bekommen alle den Korb, bis einer kommt, der alle Eigenschaften ihres früheren Mannes besitzt (Grimm No. 38).",The vixen's suitors,I. Tiermärchen,,Die Tiere des Waldes,1–69,Der Fuchs = das schlaue Tier,,38,4
70,70,70,,"Furchtsamer als der Hase (die Schafe, der Fisch, der Frosch u. s. w.)","Der Hase lacht, dass ihm die Lippe platzt.","More timid than the hare (the sheep, the fish, the frog, etc.)",I. Tiermärchen,,Die Tiere des Waldes,70–99,Andere Tiere des Waldes,,,5
71,71,71,,Der Wettstreit des Frostes und des Hasen,"der Hase legt sich auf den hartgefrornen Schnee: „o, wie warm!“",The contest of the frost and the hare,I. Tiermärchen,,Die Tiere des Waldes,70–99,Andere Tiere des Waldes,,,5
75,75,75,,Die Hilfe des Schwachen,"die Maus rettet den Bären (Fuchs) aus der Schlinge, indem sie die Stricke zernagt.",The help of the weak,I. Tiermärchen,,Die Tiere des Waldes,70–99,Andere Tiere des Waldes,,,5
85,85,85,,"Das Mäuschen, Vögelchen und die Bratwurst",haben gemeinsamen Haushalt; tauschen einmal ihre Obliegenheiten und alles geht schlecht (Grimm No. 23).,"The little mouse, the little bird, and the sausage",I. Tiermärchen,,Die Tiere des Waldes,70–99,Andere Tiere des Waldes,,23,5
90,90,90,,"Die Nadel, der Handschuh und das Eichhorn","die Nadel findet zuerst schlechte Beute, bekommt Prügel; zuletzt gleitet sie in den Magen eines Tieres, das Tier stirbt.","The needle, the glove, and the squirrel",I. Tiermärchen,,Die Tiere des Waldes,70–99,Andere Tiere des Waldes,,,5
100,100,100,,Der Wolf vom Hunde zu Gast gebeten singt,"hat zu viel getrunken; singt, trotzdem es der Hund ihm verbietet; wird getötet.","The wolf, invited as the dog's guest, sings",I. Tiermärchen,,Tiere des Waldes und Haustiere,,,,,5
101,101,101,,Der alte Hund als Retter des Kindes (Schafes),die Verabredung des Wolfes und des Hundes; der Wolf raubt das Kind und lässt es sich vom Hunde abjagen; der Hund erhält sein Gnadenbrot (Grimm No. 48).,The old dog as rescuer of the child (sheep),I. Tiermärchen,,Tiere des Waldes und Haustiere,,,,48,5
102,102,102,,Der Hund als Schuster des Wolfes,"der Hund frisst das Material, aus dem die Stiefel verfertigt werden sollen (die Kuh, das Schwein u. s. w.).",The dog as the wolf's shoemaker,I. Tiermärchen,,Tiere des Waldes und Haustiere,,,,,5
103,103,103,,Die wilden Tiere verstecken sich vor dem seltsamen Tiere,die Katze jagt ihnen Schrecken ein; der Bär fällt vom Baume und bricht sich das Rückgrat (Grimm No. 48).,The wild animals hide from the strange animal,I. Tiermärchen,,Tiere des Waldes und Haustiere,,,,48,5
104,104,104,,Der Krieg der Haustiere und der wilden Tiere,die Katze reckt den Schwanz in die Höhe; die wilden Tiere halten den Schwanz für eine Flinte und fliehen (Grimm No. 48).,The war between the domestic and the wild animals,I. Tiermärchen,,Tiere des Waldes und Haustiere,,,,48,6
105,105,105,,Die einzige Kunst der Katze,"die Katze rettet sich auf einen Baum; der Fuchs, der hundert Künste kann, wird gefangen (Grimm No. 75).",The cat's only trick,I. Tiermärchen,,Tiere des Waldes und Haustiere,,,,75,6
110,110,110,,Die Glocke um den Hals der Katze,"die Mäuse kaufen eine Glocke; keine wagt es, sie der Katze um den Hals zu hängen.",The bell around the cat's neck,I. Tiermärchen,,Tiere des Waldes und Haustiere,,,,,6
111,111,111,,Das Gespräch der Katze und der Maus,die Maus erzählt ein Märchen; die Katze: „ebenso fresse ich dich“.,The conversation of the cat and the mouse,I. Tiermärchen,,Tiere des Waldes und Haustiere,,,,,6
112,112,112,,Die Feldmaus zu Gaste bei der Hausmaus,die Katze (vgl. No. 245).,The field mouse visits the house mouse,I. Tiermärchen,,Tiere des Waldes und Haustiere,,,,,6
115,115,115,,"Der Fuchs erwartet, dass die Lippe (Hode) des Pferdes herabfällt",bekommt sie nicht.,The fox waits for the horse's lip (testicle) to fall off,I. Tiermärchen,,Tiere des Waldes und Haustiere,,,,,6
116,116,116,,Der Bär auf dem Heuwagen (auf dem Pferde),wird für den Geistlichen gehalten.,The bear on the hay-wagon (on the horse),I. Tiermärchen,,Tiere des Waldes und Haustiere,,,,,6
117,117,117,,Der Bär lässt seine Tatze fallen,schlägt das Pferd in die Lende.,The bear lets his paw drop,I. Tiermärchen,,Tiere des Waldes und Haustiere,,,,,6
118,118,118,,Der Löwe erschrickt vor dem Pferde,"das Pferd schlägt Funken mit den Hufen; der Wolf (Bär) droht, das Pferd aufzufressen; der Löwe hebt den Wolf in die Höhe und erdrückt ihn dabei.",The lion frightened by the horse,I. Tiermärchen,,Tiere des Waldes und Haustiere,,,,,6
120,120,120,,Wer zuerst den Sonnenaufgang sieht,"der Fuchs begibt sich auf einen Hügel, das Schwein auf einen niedriger gelegenen Platz; die Sonne scheint auf die Wipfel der Bäume.",Who sees the sunrise first,I. Tiermärchen,,Tiere des Waldes und Haustiere,,,,,6
121,121,121,,"Die Wölfe klettern auf den Rücken von einander, um zum Baume heraufzukommen",das Schwein auf dem Baume: der unterste Wolf läuft weg.,The wolves climb on top of one another to reach the tree,I. Tiermärchen,,Tiere des Waldes und Haustiere,,,,,6
122,122,122,,Der Wolf (Fuchs) sucht sich sein Frühstück,"der Wolf droht verschiedene Tiere aufzufressen (das Schwein, das Schaf, das Pferd u. s. w.); auf ihre Bitten wartet er, bis der Pass vorgezeigt wird, die Kinder getauft werden u. dergl.; bekommt nichts (vgl. No. 227).",The wolf (fox) seeks his breakfast,I. Tiermärchen,,Tiere des Waldes und Haustiere,,,,,6
123,123,123,,Der Wolf und die jungen Geislein,"in Abwesenheit der Mutter frisst der Wolf die Zicklein; die Mutter schneidet den Magen des Wolfes auf (vgl. No. 333) (Grimm No. 5, Gg No. 84).",The wolf and the young kids,I. Tiermärchen,,Tiere des Waldes und Haustiere,,,84,"5, Gg No",7
125,125,125,,Der Wolf flüchtet vor dem Wolfskopf,die Hämmel finden den Sack und den Wolfskopf.,The wolf flees from the wolf's head,I. Tiermärchen,,Tiere des Waldes und Haustiere,,,,,7
130,130,130,,"Die Tiere im Nachtquartier (Bremer Stadtmusikanten), verjagen den, der in die Hütte einzudringen versucht",,The animals in night quarters (Bremen town musicians) drive away the intruder who tries to enter the hut,I. Tiermärchen,,Tiere des Waldes und Haustiere,,,,,7
130 A,130,130,A,,Bauen sich selbst ein Haus.,,I. Tiermärchen,,Tiere des Waldes und Haustiere,,,,,7
130 B,130,130,B,,"Auf der Flucht (gewöhnl. droht ihnen, getötet zu werden) (Grimm No. 27).",,I. Tiermärchen,,Tiere des Waldes und Haustiere,,,,27,7
130 C,130,130,C,,Die Tiere in Gesellschaft eines Menschen.,,I. Tiermärchen,,Tiere des Waldes und Haustiere,,,,,7
150,150,150,,Die Ratschläge des Fuchses,"der Mann lässt den Fuchs frei, da ihm dieser drei Ratschläge geben will: „wenn du einen Fuchs fängst, lass ihn nicht los“.",The fox's counsels,I. Tiermärchen,,Der Mensch und die Tiere des Waldes,,,,,7
151,151,151,,Der Mensch lehrt den Bären Geige spielen,"klemmt die Tatzen in einer Ritze fest; betrügt in gleicher Weise mehrere andere Tiere, die in Freiheit gesetzt sich vergebens zu rächen versuchen (vgl. No. 38, 1159) (Grimm No. 8, Gg No. 126).",The man teaches the bear to play the fiddle,I. Tiermärchen,,Der Mensch und die Tiere des Waldes,,,126,"8, Gg No",7
152,152,152,,Der Mensch bemalt den Bären,brennt ihn mit glühendem Eisen; der Hase und die Bremse erhalten ihre Strafe.,The man paints the bear,I. Tiermärchen,,Der Mensch und die Tiere des Waldes,,,,,7
153,153,153,,Das Kastrieren des Bären und das Holen der Salbe,"der Mann schickt seine Frau; der Bär wirft die Salbe an den Baum. [Ernteteilung, siehe No. 1030].",The castration of the bear and the fetching of the salve,I. Tiermärchen,,Der Mensch und die Tiere des Waldes,,,,,7
154,154,154,,„Bärenfrass“,der Fuchs hilft dem Manne; der Bär wird als Baumstumpf auf den Schlitten geladen und getötet; der Fuchs will sich Hühner als Belohnung holen; wird verjagt.,"""Bear-food""",I. Tiermärchen,,Der Mensch und die Tiere des Waldes,,,,,7
155,155,155,,Undank ist der Welt Lohn,"der Mann befreit eine Schlange oder einen Bären; dieser droht, ihn zu fressen; die Richter; der Fuchs fordert den Befreiten auf, sich in seine frühere Lage zurückzubegeben (Gg No. 76).",Ingratitude is the world's reward,I. Tiermärchen,,Der Mensch und die Tiere des Waldes,,,76,,8
156,156,156,,Der Splitter in der Tatze des Bären (Löwen),das Weib zieht den Splitter heraus und bekommt den Schenkel der Kuh zur Belohnung.,The splinter in the paw of the bear (lion),I. Tiermärchen,,Der Mensch und die Tiere des Waldes,,,,,8
157,157,157,,Man muss den Menschen fürchten,"der Löwe (Wolf); der Knabe (werdender Mensch), der Greis (gewesener Mensch), der Soldat mit dem Säbel (Grimm No. 72).",One must fear man,I. Tiermärchen,,Der Mensch und die Tiere des Waldes,,,,72,8
158,158,158,,Die in den Schlitten geratenen wilden Tiere fressen das Zugtier auf,der Schlitten geht entzwei; die Tiere holen Material zur Reparation aus dem Walde.,The wild animals that got into the sledge eat up the draft animal,I. Tiermärchen,,Der Mensch und die Tiere des Waldes,,,,,8
159,159,159,,Die gefangenen wilden Tiere erkaufen sich das Leben,"führen dem Menschen Pferde, Kühe u. s. w. zu. [Die Tiere im Nachtquartier, siehe No. 130 C].",The captured wild animals buy their lives,I. Tiermärchen,,Der Mensch und die Tiere des Waldes,,,,,8
200,200,200,,Der Pass des Hundes,geht durch das Verschulden der Katze verloren; seitdem sind Hund und Katze Feinde.,The dog's passport,I. Tiermärchen,,Die Haustiere,,,,,8
203,203,203,,Das Schaf und das Pferd fressen um die Wette,das Pferd siegt.,The sheep and the horse hold an eating contest,I. Tiermärchen,,Die Haustiere,,,,,8
204,204,204,,"Das Schaf, die Ente und der Hahn auf dem Meere in Gefahr","die Ente schwimmt, der Hahn fliegt auf den Mast.","The sheep, the duck, and the cock in danger at sea",I. Tiermärchen,,Die Haustiere,,,,,8
206,206,206,,Das Stroh wird zum zweiten Mal gedroschen,"das Gespräch der Tiere (Kuh, Ochse); sie verhungern.",The straw is threshed a second time,I. Tiermärchen,,Die Haustiere,,,,,8
210,210,210,,"Der Hahn, die Henne, die Ente, die Stecknadel und die Nähnadel auf der Wanderung","die Nadeln stechen am Morgen den Wirt, bei dem die Wanderer ihr Nachtquartier genommen haben (Grimm No. 10 und 41).","The cock, the hen, the duck, the pin, and the needle on their travels",I. Tiermärchen,,Die Haustiere,,,,10 und 41,8
220,220,220,,Die Ratsversammlung der Vögel,"der Adler als Richter, bestimmt Anteil und Arbeit eines jeden.",The council assembly of the birds,I. Tiermärchen,,Die Vögel,,,,,9
221,221,221,,Die Königswahl der Vögel,"wer am höchsten fliegen kann; der Zaunkönig versteckt sich im Gefieder des Adlers; wird nicht als König anerkannt; wer am tiefsten in die Erde fallen kann; der Zaunkönig schlüpft ins Mauseloch, soll ausgehungert werden; die Eule als Wächter (Grimm No. 171).",The election of the king of the birds,I. Tiermärchen,,Die Vögel,,,,171,9
222,222,222,,Der Krieg der fliegenden und der vierfüssigen Tiere,"der in die Höhe gehaltene Schwanz des Fuchses als Signal; die Hornisse sticht den Fuchs unter den Schwanz, er lässt den Schwanz sinken; die vierfüssigen Tiere fliehen (Grimm No. 102).",The war of the flying and the four-footed animals,I. Tiermärchen,,Die Vögel,,,,102,9
225,225,225,,Der Kranich lehrt den Fuchs das Fliegen,lässt ihn aus der Höhe auf die Erde fallen.,The crane teaches the fox to fly,I. Tiermärchen,,Die Vögel,,,,,9
226,226,226,,Die Gans lehrt den Fuchs das Schwimmen,"schüttelt ihr Gefieder, der Fuchs fällt ins Wasser.",The goose teaches the fox to swim,I. Tiermärchen,,Die Vögel,,,,,9
227,227,227,,Der Fuchs und die Gänse,"die Gänse dürfen beten, ehe er sie auffrisst; sie fangen an zu gackern und hören nicht wieder auf (vgl. 122) (Grimm No. 86).",The fox and the geese,I. Tiermärchen,,Die Vögel,,,,86,9
228,228,228,,Die Meise und der Bär,"die Meise versucht, durch Sträuben der Federn die Grösse des Bären zu erreichen; fliegt ins Ohr des Bären, der Bär stirbt.",The titmouse and the bear,I. Tiermärchen,,Die Vögel,,,,,9
229,229,229,,Der Habicht erschrickt vor dem Schnabel der Schnepfe,"„es ist ein Schnabel, aber er ist nichts nütze“ (hohl).",The hawk frightened by the snipe's beak,I. Tiermärchen,,Die Vögel,,,,,9
230,230,230,,Die Ernährung des grossköpfigen und grossäugigen Vogels,"als der Ernährer das Alter des Vogels erfährt, tötet er ihn. align=""right"" valign=""top"" |",The feeding of the big-headed and big-eyed bird,I. Tiermärchen,,Die Vögel,,,,,9
232,232,232,,Der Auerhahn und die Zugvögel,der Auerhahn will nicht mit den Zugvögeln zusammen wegziehn.,The capercaillie and the migratory birds,I. Tiermärchen,,Die Vögel,,,,,10
235,235,235,,Der Eichelhäher borgt sich das Kleid des Kuckucks,gibt es nicht zurück.,The jay borrows the cuckoo's dress,I. Tiermärchen,,Die Vögel,,,,,10
236,236,236,,Die Drossel lehrt die Taube (u. a.) den Nestbau,undichtes Nest.,The thrush teaches the dove (and others) nest-building,I. Tiermärchen,,Die Vögel,,,,,10
238,238,238,,Das scharfe Gesicht der Taube und das scharfe Gehör des Frosches,ein Samenkorn auf dem Felde; lässt das Korn aus der Höhe herabfallen.,The sharp sight of the dove and the sharp hearing of the frog,I. Tiermärchen,,Die Vögel,,,,,10
240,240,240,,Der Eiertausch der Taube,zwei für sieben.,The dove's exchange of eggs,I. Tiermärchen,,Die Vögel,,,,,10
242,242,242,,Der Frosch wird aus seinem Versteck gelockt,"die Krähe (u. a.) schwört, den Frosch nicht zu fressen; bricht ihren Eid.",The frog is lured out of his hiding place,I. Tiermärchen,,Die Vögel,,,,,10
245,245,245,,Der Hausvogel und der Waldvogel,"der Hausvogel rät dem Waldvogel, um sich zu blicken: der Waldvogel wird geschossen (vgl. No. 112).",The house bird and the forest bird,I. Tiermärchen,,Die Vögel,,,,,10
246,246,246,,Der Jäger spannt den Bogen,"Gespräch der beiden Vögel; der eine bleibt, wird geschossen.",The hunter bends the bow,I. Tiermärchen,,Die Vögel,,,,,10
248,248,248,,Der Hund und der Sperling,"der Mann überfährt den Hund, den Freund des Sperlings; der Sperling rächt sich: der Mann verliert sein Pferd, seine Habe und zuletzt sein Leben (Grimm No. 58).",The dog and the sparrow,I. Tiermärchen,,Die Vögel,,,,58,10
250,250,250,,Das Wettschwimmen der Fische,"der Kaulbarsch hängt sich an den Schwanz des Lachses (oder a.), gewinnt (vgl. No. 275).",The swimming contest of the fish,I. Tiermärchen,,Die Fische,,,,,10
252,252,252,,Der Hecht und die Schlange schwimmen um die Wette ans Land,"die Drohung des Hechtes für den Fall, dass er gewinnt.",The pike and the snake race to the shore,I. Tiermärchen,,Die Fische,,,,,10
253,253,253,,Die Fische in der Reuse,"der kleine Fisch schlüpft durch die Masche heraus, der grosse bleibt stecken.",The fish in the trap,I. Tiermärchen,,Die Fische,,,,,10
275,275,275,,Der Wettlauf des Fuchses und des Krebses,"der Krebs hängt sich an den Schwanz des Fuchses, gewinnt (vgl. No. 250) (Grimm No. 187). [Das scharfe Gesicht der Taube und das scharfe Gehör des Frosches, siehe No. 238].",The race of the fox and the crayfish,I. Tiermärchen,,Andere Tiere,,,,187,11
280,280,280,,"Die Ameise schleppt eine Last, die so gross ist wie sie selbst",die Wette des Raben (oder a.) und der Ameise.,The ant carries a load as large as itself,I. Tiermärchen,,Andere Tiere,,,,,11
285,285,285,,Das Kind und die Schlange,die Schlange trinkt vom Milchnapf des Kindes; „iss auch vom Brot!“ (Grimm No. 105 I).,The child and the snake,I. Tiermärchen,,Andere Tiere,,,,105 I,11
300,300,300,,Der Drachentöter,"die Königstochter wird gerettet (in verschiedenen Verbindungen: der Schafhirt, die drei Hunde (Namen) u. s. w.) (vgl. No. 301, 303, 305, 466, 502, 530, 532, 553) (Gg No. 3 B).",The dragon-slayer,II. Eigentliche Märchen,A. Zaubermärchen,Übernatürlicher Gegner (vgl. auch „die Märchen vom dummen Teufel“ II D),300–359,"Der Unhold (Riese, Drache, Teufel, Kobold etc.) wird überwunden",3 B,,11
301,301,301,,Die drei geraubten Prinzessinnen,,The three stolen princesses,II. Eigentliche Märchen,A. Zaubermärchen,Übernatürlicher Gegner (vgl. auch „die Märchen vom dummen Teufel“ II D),300–359,"Der Unhold (Riese, Drache, Teufel, Kobold etc.) wird überwunden",,,11
301 A,301,301,A,,"Männer gehen auf die Suche nach den verschwundenen Prinzessinnen; kochen abwechselnd das Essen; Episode mit dem Zwerg; einer der Männer durch ein Loch unter die Erde und rettet die Prinzessinnen (vom Drachen u. a., vgl. No. 300); die Gefährten ziehen ihn nicht wieder empor, aber er rettet sich schliesslich (Grimm No. 91, Gg No. 5 A). align=""right"" valign=""top"" |",,II. Eigentliche Märchen,A. Zaubermärchen,Übernatürlicher Gegner (vgl. auch „die Märchen vom dummen Teufel“ II D),300–359,"Der Unhold (Riese, Drache, Teufel, Kobold etc.) wird überwunden",5 A,"91, Gg No",11
301 B,301,301,B,,"Dasselbe, vorher als Einleitung: Der starke Junge und seine starken Gefährten (Tannendreher, Felsenklipperer) (Der starke Junge, siehe No. 650) (Grimm No. 166, Gg No. 5 B).",,II. Eigentliche Märchen,A. Zaubermärchen,Übernatürlicher Gegner (vgl. auch „die Märchen vom dummen Teufel“ II D),300–359,"Der Unhold (Riese, Drache, Teufel, Kobold etc.) wird überwunden",5 B,"166, Gg No",12
302,302,302,,Das Herz des Teufels (Riesen) im Ei,"der Jüngling kann sich in einen Löwen, Ameise etc. verwandeln (bisweilen Herz des Teufels im Ei für sich allein) (vgl. No. 665–667) (Grimm No. 197, Gg No. 17).",The heart of the devil (giant) in the egg,II. Eigentliche Märchen,A. Zaubermärchen,Übernatürlicher Gegner (vgl. auch „die Märchen vom dummen Teufel“ II D),300–359,"Der Unhold (Riese, Drache, Teufel, Kobold etc.) wird überwunden",17,"197, Gg No",12
303,303,303,,Die Zwillings- oder Blutsbrüder,"zwei Knaben, Pferde und Hunde (in Folge des Genusses von Fisch oder auf andere übernatürliche Weise geboren, vgl. No. 705); der eine befreit Prinzessinnen vom Drachen (vgl. No. 300); eine Hexe verwandelt ihn in einen Stein: der zweite Bruder schläft neben der Frau seines Bruders und rettet diesen aus der Verzauberung (Grimm No. 60, 85, Gg No. 25).",The twins or blood-brothers,II. Eigentliche Märchen,A. Zaubermärchen,Übernatürlicher Gegner (vgl. auch „die Märchen vom dummen Teufel“ II D),300–359,"Der Unhold (Riese, Drache, Teufel, Kobold etc.) wird überwunden",25,"60, 85, Gg No",12
304,304,304,,Der Jäger,"ein Mann hat eine Zauberbüchse, mit der er die Riesen zu töten vermag, welche die Prinzessin rauben wollen; er entnimmt aus dem Schlosse, wo alles schläft, mehrere Gegenstände, mit denen als Wahrzeichen er der in eine Hütte verbannten Prinzessin beweist, dass er ihr Retter war; der Hauptmann (Ritter, Hofmann), der sich fälschlich für den Töter der Riesen ausgegeben hatte, wird bestraft (Grimm No. 111, Gg No. 24).",The hunter,II. Eigentliche Märchen,A. Zaubermärchen,Übernatürlicher Gegner (vgl. auch „die Märchen vom dummen Teufel“ II D),300–359,"Der Unhold (Riese, Drache, Teufel, Kobold etc.) wird überwunden",24,"111, Gg No",12
305,305,305,,Das Herzblut des Drachen als Heilmittel für den König,der Jüngling tötet den Drachen und bringt das Herz; ein hoher Herr bemächtigt sich desselben und erhält die Prinzessin; schliesslich kommt die Wahrheit an den Tag (Gg No. 14).,The dragon's heart-blood as medicine for the king,II. Eigentliche Märchen,A. Zaubermärchen,Übernatürlicher Gegner (vgl. auch „die Märchen vom dummen Teufel“ II D),300–359,"Der Unhold (Riese, Drache, Teufel, Kobold etc.) wird überwunden",14,,12
306,306,306,,Die zertanzten Schuhe,"eine Königstochter begibt sich jede Nacht heimlich zu einem Unhold und tanzt mit ihm; ein Jüngling, der sich unsichtbar machen kann, folgt ihr und gewinnt ihre Hand (vgl. No. 507) (Grimm No. 133, Gg No. 23 A).",The danced-out shoes,II. Eigentliche Märchen,A. Zaubermärchen,Übernatürlicher Gegner (vgl. auch „die Märchen vom dummen Teufel“ II D),300–359,"Der Unhold (Riese, Drache, Teufel, Kobold etc.) wird überwunden",23 A,"133, Gg No",12
307,307,307,,Die Prinzessin im Sarge,jeden Morgen wird der Wächter tot aufgefunden; ein Jüngling übernimmt die Leichenwache; die Tote steigt aus dem Sarge; er gewinnt ihre Hand (nicht immer eine Prinzessin) (Gg No. 23 B).,The princess in the coffin,II. Eigentliche Märchen,A. Zaubermärchen,Übernatürlicher Gegner (vgl. auch „die Märchen vom dummen Teufel“ II D),300–359,"Der Unhold (Riese, Drache, Teufel, Kobold etc.) wird überwunden",23 B,,12
310,310,310,,Die in den Turm gesperrte Jungfrau,"sie lässt ihre Hare herab, an denen die Hexe, der das Mädchen gelobt worden ist, emporklettert; ebenso tut der Königssohn; die Hexe führt das Mädchen in die Wüste, wo der Prinz (als Blinder) sie schliesslich findet (Grimm No. 12).",The maiden shut in the tower,II. Eigentliche Märchen,A. Zaubermärchen,Übernatürlicher Gegner (vgl. auch „die Märchen vom dummen Teufel“ II D),300–359,"Der Unhold (Riese, Drache, Teufel, Kobold etc.) wird überwunden",,12,13
311,311,311,,,"Von der Schwester gerettet, die den Unhold dazu bringt, die Mädchen im Sack (Kiste) in ihr eigenes Heim zurückzutragen (Grimm No. 46, 66?, Gg No. 49 A).",,II. Eigentliche Märchen,A. Zaubermärchen,Übernatürlicher Gegner (vgl. auch „die Märchen vom dummen Teufel“ II D),"311, 312",Drei Schwestern aus dem Berge werden aus der Gewalt des Unholdes gerettet,49 A,"46, 66?, Gg No",13
312,312,312,,Unholdstöter und sein Hund,der Bruder rettet die Schwester (Gg No. 49 B).,The ogre-slayer and his dog,II. Eigentliche Märchen,A. Zaubermärchen,Übernatürlicher Gegner (vgl. auch „die Märchen vom dummen Teufel“ II D),"311, 312",Drei Schwestern aus dem Berge werden aus der Gewalt des Unholdes gerettet,49 B,,13
313 A,313,313,A,,"Das Mädchen als Helferin des Jünglings auf der Flucht; der Jüngling ist dem Teufel versprochen worden (Grimm No. 51, 79?, Gg No. 28).",,II. Eigentliche Märchen,A. Zaubermärchen,Übernatürlicher Gegner (vgl. auch „die Märchen vom dummen Teufel“ II D),"313, 314","Die magische Flucht (aus dem Hause des Unholdes (Teufels): die Fliehenden werfen Zaubergegenstände hinter sich, aus denen Berg, Wald und See entstehen, oder sie verwandeln sich in verschiedene Tiere und Gegenstände",28,"51, 79?, Gg No",13
313 B,313,313,B,,"Dasselbe, vorher als Einleitung: der verbotene Schrein, in dem ein Zauberschloss zu sehen ist.",,II. Eigentliche Märchen,A. Zaubermärchen,Übernatürlicher Gegner (vgl. auch „die Märchen vom dummen Teufel“ II D),"313, 314","Die magische Flucht (aus dem Hause des Unholdes (Teufels): die Fliehenden werfen Zaubergegenstände hinter sich, aus denen Berg, Wald und See entstehen, oder sie verwandeln sich in verschiedene Tiere und Gegenstände",,,13
313 C,313,313,C,,"Dasselbe sowie die Episode von der vergessenen Braut die zuletzt mit dem Jüngling wiedervereinigt wird (Grimm No. 56, 113, 186, 193, Gg No. 27).",,II. Eigentliche Märchen,A. Zaubermärchen,Übernatürlicher Gegner (vgl. auch „die Märchen vom dummen Teufel“ II D),"313, 314","Die magische Flucht (aus dem Hause des Unholdes (Teufels): die Fliehenden werfen Zaubergegenstände hinter sich, aus denen Berg, Wald und See entstehen, oder sie verwandeln sich in verschiedene Tiere und Gegenstände",27,"56, 113, 186, 193, Gg No",13
314,314,314,,Der in ein Pferd verwandelte Jüngling,"das Pferd als Helfer bei der Flucht (vgl. No. 530–533); gewöhnlich: der goldharige Jüngling, nimmt Dienste am Hofe des Königs, besiegt die Feinde im Kriege und heiratet die Tochter des Königs (Gg No. 8 A, 28). align=""right"" valign=""top"" |",The youth transformed into a horse,II. Eigentliche Märchen,A. Zaubermärchen,Übernatürlicher Gegner (vgl. auch „die Märchen vom dummen Teufel“ II D),"313, 314","Die magische Flucht (aus dem Hause des Unholdes (Teufels): die Fliehenden werfen Zaubergegenstände hinter sich, aus denen Berg, Wald und See entstehen, oder sie verwandeln sich in verschiedene Tiere und Gegenstände","8 A, 28",,13
315,315,315,,Die ungetreue Schwester,"(die dem Wassernix versprochenen Kinder), das Mädchen Braut des Wassernix (Teufels); auf seinen Rat stellt sie sich krank und bittet den Bruder, ihr eine Heilsalbe oder dergl. zu bringen; die eingesperrten Tiere machen sich los und retten den Knaben.",The faithless sister,II. Eigentliche Märchen,A. Zaubermärchen,Übernatürlicher Gegner (vgl. auch „die Märchen vom dummen Teufel“ II D),300–359,"Der Unhold (Riese, Drache, Teufel, Kobold etc.) wird überwunden",,,14
316,316,316,,Die Nixe im Teich,"der der Nixe versprochene Mann von ihr ins Wasser gezogen; seine Gattin befreit ihn mit Hülfe von Ratschlägen, die ein altes Weib ihr erteilt, aus der Gewalt der Nixe (Grimm No. 181).",The nixie of the pond,II. Eigentliche Märchen,A. Zaubermärchen,Übernatürlicher Gegner (vgl. auch „die Märchen vom dummen Teufel“ II D),300–359,"Der Unhold (Riese, Drache, Teufel, Kobold etc.) wird überwunden",,181,14
325,325,325,,Der Zauberer und sein Schüler,"der Vater auf die Probe gestellt, erkennt seinen Sohn wieder; der Sohn als Pferd, Ring u. s. w., rettet sich aus der Gewalt seines Meisters (Grimm No. 68, Gg No. 56).",The magician and his pupil,II. Eigentliche Märchen,A. Zaubermärchen,Übernatürlicher Gegner (vgl. auch „die Märchen vom dummen Teufel“ II D),300–359,"Der Unhold (Riese, Drache, Teufel, Kobold etc.) wird überwunden",56,"68, Gg No",14
326,326,326,,"Der Knabe, der das Fürchten lernen wollte","verschiedene Episoden: im Kirchturm, unter dem Galgen, im Spukhause (die Katzen, der vom Dache herabfallende Leichnam u. s. w., auch zum Cyclus vom Menschen und dem dummen Teufel gehörige Züge); kaltes Wasser oder ein Aal bringt ihm schliesslich das Fürchten bei (vgl. No. 1159, 1160) (Grimm No. 4, Gg No. 11).",The youth who wanted to learn what fear is,II. Eigentliche Märchen,A. Zaubermärchen,Übernatürlicher Gegner (vgl. auch „die Märchen vom dummen Teufel“ II D),300–359,"Der Unhold (Riese, Drache, Teufel, Kobold etc.) wird überwunden",11,"4, Gg No",14
327 A,327,327,A,Hänsel und Gretel,"die Eltern führen ihre Kinder in den Wald; das Pfefferkuchenhaus; der Knabe gemästet, die Hexe in den Ofen geworfen (vgl. No. 1121); ihre Schätze fallen den Kindern zu (Grimm No. 15, Gg No. 53).",Hansel and Gretel,II. Eigentliche Märchen,A. Zaubermärchen,Übernatürlicher Gegner (vgl. auch „die Märchen vom dummen Teufel“ II D),300–359,"Der Unhold (Riese, Drache, Teufel, Kobold etc.) wird überwunden",53,"15, Gg No",14
327 B,327,327,B,Der Däumling und der Riese,"der Däumling und seine Brüder im Hause des Riesen; die Kopfbedeckungen der Kinder werden vertauscht (vgl. No. 700, 1119).",Thumbling and the giant,II. Eigentliche Märchen,A. Zaubermärchen,Übernatürlicher Gegner (vgl. auch „die Märchen vom dummen Teufel“ II D),300–359,"Der Unhold (Riese, Drache, Teufel, Kobold etc.) wird überwunden",,,14
328,328,328,,Der Knabe stiehlt die Schätze des Unholdes (Riesen),"das Pferd, die Leuchte u. s. w., schliesslich findet der Unhold seinen Tod (Gg No. 52).",The boy steals the treasures of the ogre (giant),II. Eigentliche Märchen,A. Zaubermärchen,Übernatürlicher Gegner (vgl. auch „die Märchen vom dummen Teufel“ II D),300–359,"Der Unhold (Riese, Drache, Teufel, Kobold etc.) wird überwunden",52,,14
329,329,329,,Vor dem Unholde versteckt,"ein Mann versteckt sich mit Hülfe eines alten Mannes (dreier Tiere) dreimal (im Magen des Fisches u. s. w.); das dritte Mal kann ihn der Unhold (die Königstochter) nicht entdecken (Grimm No. 191, Gg No. 51).",Hidden from the ogre,II. Eigentliche Märchen,A. Zaubermärchen,Übernatürlicher Gegner (vgl. auch „die Märchen vom dummen Teufel“ II D),300–359,"Der Unhold (Riese, Drache, Teufel, Kobold etc.) wird überwunden",51,"191, Gg No",14
330 A,330,330,A,Der Schmied und der Teufel (Tod),"(der Heiland und Petrus: die drei Wünsche, vgl. No. 750); das Haftenbleiben an der Bank, auf dem Apfelbaum u. s. w.; der Schmied wird weder in den Himmel noch in die Hölle gelassen (Grimm No. 81, 82, Gg No. 64).",The smith and the devil (Death),II. Eigentliche Märchen,A. Zaubermärchen,Übernatürlicher Gegner (vgl. auch „die Märchen vom dummen Teufel“ II D),300–359,"Der Unhold (Riese, Drache, Teufel, Kobold etc.) wird überwunden",64,"81, 82, Gg No",15
330 B,330,330,B,"Der Teufel im Ranzen (Beutel, Fass)","die Schmiede hämmern auf den Ranzen los; der Teufel entflieht auf eine Insel, wohin sein Gegner kommt, oder letzterer wird weder in den Himmel noch in die Hölle gelassen (Grimm No. 81, 82, Gg No. 64).","The devil in the knapsack (pouch, cask)",II. Eigentliche Märchen,A. Zaubermärchen,Übernatürlicher Gegner (vgl. auch „die Märchen vom dummen Teufel“ II D),300–359,"Der Unhold (Riese, Drache, Teufel, Kobold etc.) wird überwunden",64,"81, 82, Gg No",15
331,331,331,,Der Geist im Glas,"der Mann befreit den Bösen (Geist) aus der Flasche und erhält zur Belohnung ein wunderbares Heilmittel oder die Kraft, Eisen in Silber (Gold) zu verwandeln; lockt den Bösen wieder in die Flasche hinein (Grimm No. 99).",The spirit in the bottle,II. Eigentliche Märchen,A. Zaubermärchen,Übernatürlicher Gegner (vgl. auch „die Märchen vom dummen Teufel“ II D),300–359,"Der Unhold (Riese, Drache, Teufel, Kobold etc.) wird überwunden",,99,15
332,332,332,,Der Gevatter Tod,"der Mann als Arzt; der Tod zu Füssen des Kranken (das Bett oder den Kranken umgelegt) (Grimm No. 42, 44, Gg No. 122).",Godfather Death,II. Eigentliche Märchen,A. Zaubermärchen,Übernatürlicher Gegner (vgl. auch „die Märchen vom dummen Teufel“ II D),300–359,"Der Unhold (Riese, Drache, Teufel, Kobold etc.) wird überwunden",122,"42, 44, Gg No",15
333,333,333,,Der Fresssack,"der Wolf oder ein sonstiger Unhold verschlingt Menschen und Tiere, bis alle lebendig aus seinem Bauche gerettet werden (vgl. No. 123) (Grimm No. 5, 26, Gg No. 84).",The glutton,II. Eigentliche Märchen,A. Zaubermärchen,Übernatürlicher Gegner (vgl. auch „die Märchen vom dummen Teufel“ II D),300–359,"Der Unhold (Riese, Drache, Teufel, Kobold etc.) wird überwunden",84,"5, 26, Gg No",15
360,360,360,,Der Vertrag der drei Burschen mit dem Teufel,"sie erhalten Geld; der Gastwirt ermordet einen Menschen und die Burschen werden des Mordes angeklagt; haben sich verpflichtet immer dieselben Worte zu sagen: „wir drei“, „ums Geld“, „das war recht“; der Teufel rettet sie vom Galgen, der Gastwirt wird an ihrer Stelle gehängt und der Teufel bekommt seine Seele (vgl. No. 475, 1697) (Grimm No. 120, Gg No. 57 A).",The bargain of the three journeymen with the devil,II. Eigentliche Märchen,A. Zaubermärchen,Übernatürlicher Gegner (vgl. auch „die Märchen vom dummen Teufel“ II D),,,57 A,"120, Gg No",15
361,361,361,,Der Bärenhäuter,"ein Soldat verdingt sich dem Teufel, darf sich sieben Jahre lang nicht waschen und nicht kämmen, erhält viel Geld; heiratet die jüngste von drei Schwestern, da ihn die älteren verschmähen; diese erhängen sich: der Teufel: „ich bekam zwei, du eine“ (vgl. No. 475) (Grimm No. 101, Gg No. 57 B).",Bearskin,II. Eigentliche Märchen,A. Zaubermärchen,Übernatürlicher Gegner (vgl. auch „die Märchen vom dummen Teufel“ II D),,,57 B,"101, Gg No",15
362,362,362,,Die Güte des Teufels,"der Teufel hilft einem Knecht bei seiner Arbeit; der zweite Knecht erhängt sich aus Neid, so erhält der Teufel seine Belohnung (Gg No. 77).",The kindness of the devil,II. Eigentliche Märchen,A. Zaubermärchen,Übernatürlicher Gegner (vgl. auch „die Märchen vom dummen Teufel“ II D),,,77,,16
363,363,363,,Der Leichenfresser,"der Bräutigam frisst in drei Kirchen Leichen; erscheint seiner Braut in Gestalt ihres Vaters, ihrer Mutter u. s. w.; frisst sie auf (Gg No. 85).",The corpse-eater,II. Eigentliche Märchen,A. Zaubermärchen,Übernatürlicher Gegner (vgl. auch „die Märchen vom dummen Teufel“ II D),,,85,,16
365,365,365,,Der tote Bräutigam entführt die Braut (Lenore),„Der Mond scheint hell“ u. s. w.,The dead bridegroom carries off his bride (Lenore),II. Eigentliche Märchen,A. Zaubermärchen,Übernatürlicher Gegner (vgl. auch „die Märchen vom dummen Teufel“ II D),,,,,16
366,366,366,,Der Mann vom Galgen,"ein Mann raubt das Herz (die Leber, den Magen) eines Gehängten; (gibt es seiner Frau zu essen); das Gespenst kommt, um sein Eigentum wiederzufordern, und führt den Mann mit sich fort (Gg No. 87).",The man from the gallows,II. Eigentliche Märchen,A. Zaubermärchen,Übernatürlicher Gegner (vgl. auch „die Märchen vom dummen Teufel“ II D),,,87,,16
400,400,400,,Der Mann auf der Suche nach seiner verschwundenen Gattin,"Zaubergegenstände oder Tiere als Helfer (als Einleitung oft die Schwanenjungfrauen) (Grimm No. 92, 93, 193, Gg No. 1). [Der um sein schönes Weib Beneidete, siehe No. 465].",The man in search of his vanished wife,II. Eigentliche Märchen,A. Zaubermärchen,Übernatürlicher oder verzauberter Gatte (Gattin) oder sonstiger Angehöriger,400–424,Gattin,1,"92, 93, 193, Gg No",16
401,401,401,,Die in eine Hirschkuh verwandelte Prinzessin,"der Königssohn auf der Jagd; erlöst die Prinzessin aus der Verzauberung, indem er drei Nächte in einem verlassenen Schlosse zubringt; nimmt sie zum Weibe (Gg No. 2).",The princess transformed into a hind,II. Eigentliche Märchen,A. Zaubermärchen,Übernatürlicher oder verzauberter Gatte (Gattin) oder sonstiger Angehöriger,400–424,Gattin,2,,16
402,402,402,,"Die Maus (Katze, Frosch u. s. w.) als Braut","der jüngste von drei Brüdern führt die Aufträge des Vaters am besten aus: er bringt das beste Tuch, die schönste Braut u. s. w.; die Maus verwandelt sich in ein schönes Mädchen (Grimm No. 63, 106, Gg No. 15). [Die Höllenfahrt des Jünglings, siehe No. 466].","The mouse (cat, frog, etc.) as bride",II. Eigentliche Märchen,A. Zaubermärchen,Übernatürlicher oder verzauberter Gatte (Gattin) oder sonstiger Angehöriger,400–424,Gattin,15,"63, 106, Gg No",16
403,403,403,,"Die weisse und die schwarze Braut (vgl. No. 450, 480, 510, 511)",,The white and the black bride,II. Eigentliche Märchen,A. Zaubermärchen,Übernatürlicher oder verzauberter Gatte (Gattin) oder sonstiger Angehöriger,400–424,Gattin,,,17
403 A,403,403,A,,"Die Wünsche (der Heiland und Petrus u. s. w.); die rechte Tochter des Mannes wird schön (Gold aus dem Munde), die Stieftochter hässlich (Frösche), oder der klingende Baum; der Bruder der rechten Tochter im Dienst des Königs; das Bild der Schwester; auf der Fahrt zum Schloss wirft die Stiefmutter das Mädchen ins Wasser, das Mädchen in eine Ente verwandelt; die Stiefschwester wird an ihrer Stelle die Gemahlin des Königs; der Bruder ins Gefängnis geworfen (Grimm No. 135, Gg No. 35).",,II. Eigentliche Märchen,A. Zaubermärchen,Übernatürlicher oder verzauberter Gatte (Gattin) oder sonstiger Angehöriger,400–424,Gattin,35,"135, Gg No",17
403 B,403,403,B,,"Vorherg. (drei Zwerge, Erdbeeren unter dem Schnee u. s. w.); die rechte Tochter Gemahlin des Königs; ein Kind geboren; die Stiefmutter wirft die Königin ins Wasser u. s. w. (Grimm No. 13, Gg No. 35).",,II. Eigentliche Märchen,A. Zaubermärchen,Übernatürlicher oder verzauberter Gatte (Gattin) oder sonstiger Angehöriger,400–424,Gattin,35,"13, Gg No",17
405,405,405,,Jorinde und Joringel,eine Hexe verwandelt das Mädchen in einen Vogel; der Jüngling verschafft ihr mit Hilfe eines Zaubergegenstandes ihre frühere Gestalt zurück (Grimm No. 69).,Jorinde and Joringel,II. Eigentliche Märchen,A. Zaubermärchen,Übernatürlicher oder verzauberter Gatte (Gattin) oder sonstiger Angehöriger,400–424,Gattin,,69,17
406,406,406,,Der Menschenfresser,"einem Ehepare wird ein Kind geboren, das ein Menschenfresser ist; es frisst alle ausser dem Verwalter auf; diesem gelingt es den Zauber zu brechen und der Menschenfresser verwandelt sich in ein Mädchen; sie heiraten sich (Gg No. 33).",The cannibal,II. Eigentliche Märchen,A. Zaubermärchen,Übernatürlicher oder verzauberter Gatte (Gattin) oder sonstiger Angehöriger,400–424,Gattin,33,,17
407,407,407,,Das Mädchen als Blume,"ein Mädchen ist in eine Blume verwandelt; ein Mann bricht den Stengel der Blume, sie wird wieder zum Menschen; er nimmt sie zur Frau (Grimm No. 160, Gg No. 42). [Der Königssohn, dessen Gedanken immer in Erfüllung gehn, siehe No. 652].",The maiden as flower,II. Eigentliche Märchen,A. Zaubermärchen,Übernatürlicher oder verzauberter Gatte (Gattin) oder sonstiger Angehöriger,400–424,Gattin,42,"160, Gg No",17
410,410,410,,Dornröschen,die Königstochter verfällt in einen Zauberschlaf; ein Prinz dringt durch die das Schloss umgebende Dornenhecke und erlöst das Mädchen (Grimm No. 50).,Sleeping Beauty,II. Eigentliche Märchen,A. Zaubermärchen,Übernatürlicher oder verzauberter Gatte (Gattin) oder sonstiger Angehöriger,400–424,Gattin,,50,17
425 A,425,425,A,Das Ungeheuer (Tier) als Bräutigam (Amor und Psyche),"das Mädchen sucht den verschwundenen Bräutigam (Grimm No. 127, Gg No. 26 A).",The monster (animal) as bridegroom (Cupid and Psyche),II. Eigentliche Märchen,A. Zaubermärchen,Übernatürlicher oder verzauberter Gatte (Gattin) oder sonstiger Angehöriger,425–449,Gatte,26 A,"127, Gg No",18
425 B,425,425,B,,"Dasselbe, als Einleitung: zu erraten, von welchem Tiere die Haut ist (von einer Laus) (vgl. No. 621) (Gg No. 26 B).",,II. Eigentliche Märchen,A. Zaubermärchen,Übernatürlicher oder verzauberter Gatte (Gattin) oder sonstiger Angehöriger,425–449,Gatte,26 B,,18
425 C,425,425,C,Das Mädchen als Frau des Bären,"die jüngste von drei Schwestern bittet den Vater, ihr von der Reise eine Blume (oder Lerche) als Geschenk mitzubringen; sie muss die Gattin eines Bären werden, der sich in einen Prinzen verwandelt; (sie sucht ihren Mann) (Grimm No. 88).",The maiden as the bear's wife,II. Eigentliche Märchen,A. Zaubermärchen,Übernatürlicher oder verzauberter Gatte (Gattin) oder sonstiger Angehöriger,425–449,Gatte,,88,18
426,426,426,,"Die beiden Mädchen, der Bär und der Zwerg","die Mädchen lassen den Bären in die Hütte ein; retten einen undankbaren Zwerg aus Lebensgefahr; der Bär tötet den Zwerg; der Bär verwandelt sich in einen Königssohn, der vom Zwerg verhext worden (Grimm No. 161).","The two maidens, the bear, and the dwarf",II. Eigentliche Märchen,A. Zaubermärchen,Übernatürlicher oder verzauberter Gatte (Gattin) oder sonstiger Angehöriger,425–449,Gatte,,161,18
428,428,428,,Der Wolf,"ein Mädchen im Dienst bei einer Hexe, die ihr unmöglich erscheinende Aufträge erteilt, u. a. einer anderen Hexe einen Brief zu überbringen, in dem diese aufgefordert wird, das Mädchen zu töten; ein Wolf hilft ihr sie auszuführen; der Wolf wird dadurch aus der Verzauberung erlöst und verwandelt sich in einen Prinzen, der das Mädchen heiratet.",The wolf,II. Eigentliche Märchen,A. Zaubermärchen,Übernatürlicher oder verzauberter Gatte (Gattin) oder sonstiger Angehöriger,425–449,Gatte,,,18
430,430,430,,Der Esel,"der Königssohn als Esel; wird der Gatte einer Königstochter, die ihn aus der Verzauberung erlöst (Grimm No. 144, Gg No. 34).",The ass,II. Eigentliche Märchen,A. Zaubermärchen,Übernatürlicher oder verzauberter Gatte (Gattin) oder sonstiger Angehöriger,425–449,Gatte,34,"144, Gg No",18
431,431,431,,Das Waldhaus,"drei Mädchen werden nach einander in den Wald geschickt und kommen in ein Haus, in dem sich ein alter Mann, ein Hahn, ein Huhn und eine Kuh befinden; die älteren Schwestern werden in den Keller geworfen, die jüngste füttert die Tiere; dadurch werden alle aus der Verzauberung erlöst: der Alte ist ein Prinz, die Tiere seine Diener; er heiratet das Mädchen (Grimm No. 169).",The house in the forest,II. Eigentliche Märchen,A. Zaubermärchen,Übernatürlicher oder verzauberter Gatte (Gattin) oder sonstiger Angehöriger,425–449,Gatte,,169,18
432,432,432,,Der Königssohn als Vogel,besucht eine Königstochter; durch den Anschlag der bösen Stiefmutter verletzt er sich am Fenster; das Mädchen heilt ihn (Gg No. 29).,The king's son as bird,II. Eigentliche Märchen,A. Zaubermärchen,Übernatürlicher oder verzauberter Gatte (Gattin) oder sonstiger Angehöriger,425–449,Gatte,29,,19
433 A,433,433,A,Der Königssohn in Schlangengestalt,eine Schlange trägt eine Prinzessin in ihr Schloss; das Mädchen (küsst) erlöst den Jüngling aus der Verzauberung (Gg No. 30).,The king's son in serpent form,II. Eigentliche Märchen,A. Zaubermärchen,Übernatürlicher oder verzauberter Gatte (Gattin) oder sonstiger Angehöriger,425–449,Gatte,30,,19
433 B,433,433,B,,"Eine kinderlose Königin gebärt einen Knaben, der sich in Schlangengestalt vom Hause entfernt; ein Mädchen erlöst ihn aus der Verzauberung (Bad) (Gg No. 31).",,II. Eigentliche Märchen,A. Zaubermärchen,Übernatürlicher oder verzauberter Gatte (Gattin) oder sonstiger Angehöriger,425–449,Gatte,31,,19
440,440,440,,Der Froschkönig oder der eiserne Heinrich,"ein Mädchen gelobt sich einem Frosche im Brunnen; der Frosch an der Tür, am Tisch, im Bett: verwandelt sich in einen Königssohn (Grimm No. 1, Gg No. 124).","The Frog King, or Iron Henry",II. Eigentliche Märchen,A. Zaubermärchen,Übernatürlicher oder verzauberter Gatte (Gattin) oder sonstiger Angehöriger,425–449,Gatte,124,"1, Gg No",19
441,441,441,,Hans mein Igel,"eine kinderlose Frau bringt einen Igel zur Welt; der König verspricht dem Igel, ohne es zu wissen, seine Tochter, als dieser ihm den rechten Weg aus dem Walde zeigt; der Igel holt sich seine Braut; die Igelshaut wird verbrannt: der Igel ist in einen schönen Jüngling verwandelt (Grimm No. 108).",Hans My Hedgehog,II. Eigentliche Märchen,A. Zaubermärchen,Übernatürlicher oder verzauberter Gatte (Gattin) oder sonstiger Angehöriger,425–449,Gatte,,108,19
442,442,442,,Die Alte im Walde,"das Mädchen erlöst einen Königssohn, den ein böses Weib in einen Baum verwandelt hat; verschafft sich den Zauberring aus dem Hause der Alten; Hochzeit (Grimm No. 123).",The old woman in the forest,II. Eigentliche Märchen,A. Zaubermärchen,Übernatürlicher oder verzauberter Gatte (Gattin) oder sonstiger Angehöriger,425–449,Gatte,,123,19
450,450,450,,Brüderchen und Schwesterchen,"der Knabe wird von der bösen Stiefmutter in ein Reh verwandelt; lebt mit seiner Schwester im Walde; der König heiratet diese; ihre Stiefschwester wird an ihrer Stelle seine Gemahlin, bis alles ein gutes Ende nimmt (vgl. No. 403) (Grimm No. 11, Gg No. 38).",Little Brother and Little Sister,II. Eigentliche Märchen,A. Zaubermärchen,Übernatürlicher oder verzauberter Gatte (Gattin) oder sonstiger Angehöriger,450–459,Bruder oder Schwester,38,"11, Gg No",19
451,451,451,,"Das Mädchen, das seine Brüder sucht","die Königin gibt ein Zeichen, ob ein Knabe oder ein Mädchen geboren ist; das Mädchen pflückt zwölf Blumen: die zwölf Brüder werden in Raben verwandelt; sie bleibt sieben Jahre lang stumm, um ihre Brüder zu erlösen; (wohnt auf einem Baume); der König findet sie und nimmt sie zur Frau; Rettung vom Scheiterhaufen (Die stumme Königstochter, vgl. No. 705, 710) (Grimm No. 9, 49, vgl. No. 25, Gg No. 40).",The maiden who seeks her brothers,II. Eigentliche Märchen,A. Zaubermärchen,Übernatürlicher oder verzauberter Gatte (Gattin) oder sonstiger Angehöriger,450–459,Bruder oder Schwester,40,"9, 49, vgl",20
460 A,460,460,A,"Die Wanderung zu Gott, um Belohnung zu heischen","ein Knabe hat gehört, dass Gott das einem Armen gegebene Almosen zehnfach vergilt, begibt sich auf die Wanderung zu Gott, von dem er seine Belohnung erhält, indem ihm die Antworten auf die unterwegs gestellten Fragen mitgeteilt werden.",The journey to God to receive a reward,II. Eigentliche Märchen,A. Zaubermärchen,Übernatürliche Aufgabe,460–462,Die Fragen,,,20
460 B,460,460,B,"Die Wanderung, um das Schicksal zu suchen","einem armen Manne will nichts gelingen; er wandert hinaus, um das Schicksal zu suchen, von dem er die Antworten auf unterwegs gestellte Fragen erhält.",The journey in search of Fortune,II. Eigentliche Märchen,A. Zaubermärchen,Übernatürliche Aufgabe,460–462,Die Fragen,,,20
461,461,461,,Drei Hare vom Barte des Teufels,"Weissagung, Briefwechsel und daraus entstehende Heirat (vgl. No. 930); Höllenfahrt, die unterwegs gestellten Fragen werden beantwortet; der reiche Mann muss Fährmann werden (Grimm No. 29, Gg No. 68).",Three hairs from the devil's beard,II. Eigentliche Märchen,A. Zaubermärchen,Übernatürliche Aufgabe,460–462,Die Fragen,68,"29, Gg No",20
465,465,465,,Der um sein schönes Weib Beneidete,,The man envied for his beautiful wife,II. Eigentliche Märchen,A. Zaubermärchen,Übernatürliche Aufgabe,,,,,20
465 A,465,465,A,Die Suche nach dem Unbekannten,"die Schwanenjungfrauen; der neidische König begehrt das Weib und trägt dem Manne schwer ausführbare Dinge auf, u. a. das Unbekannte (Essen) zu suchen (der Umtausch der Gegenstände, vgl. No. 569); mit Hülfe der Gattin gelingt dies.",The quest for the unknown,II. Eigentliche Märchen,A. Zaubermärchen,Übernatürliche Aufgabe,,,,,20
465 B,465,465,B,Die Suche nach der lebenden Harfe,ein Tier als Gattin; der König befiehlt u. a. die lebende Harfe zu suchen; es gelingt dem Manne mit Hülfe seiner Gattin.,The quest for the living harp,II. Eigentliche Märchen,A. Zaubermärchen,Übernatürliche Aufgabe,,,,,21
465 C,465,465,C,Ein Auftrag in der anderen Welt,ein Mann erhält sein Weib von Gott; der König schickt ihn mit einem Auftrag in die andere Welt (Gott aus dem Himmel zu holen u. a.); der Mann vollbringt ihn mit Hülfe seiner Gattin.,An errand to the other world,II. Eigentliche Märchen,A. Zaubermärchen,Übernatürliche Aufgabe,,,,,21
466,466,466,,Die Höllenfahrt des Jünglings,"er errettet drei Jungfrauen von den Drachen (vgl. No. 300), erlöst eine in einen Lindwurm verwandelte Prinzessin aus der Verzauberung und gewinnt die Hand der Prinzessin (Gg No. 12). [Das Herzblut des Drachen als Heilmittel für den König, siehe No. 305].",The youth's journey to hell,II. Eigentliche Märchen,A. Zaubermärchen,Übernatürliche Aufgabe,,,12,,21
470,470,470,,Die beiden im Leben und im Tode vereinten Freunde,ein Mann folgt seinem gestorbenen Freunde in die andere Welt und verweilt dort lange (Gg No. 82).,The two friends united in life and death,II. Eigentliche Märchen,A. Zaubermärchen,Übernatürliche Aufgabe,,,82,,21
475,475,475,,Der Mann als Heizer des Höllenkessels,"im Kessel sind seine früheren Herren; er bekommt als Lohn ein Ränzel voll Kehrdreck, der sich in Gold verwandelt; der Gastwirt raubt ihm das Gold, mit Hülfe des Teufels verschafft er es sich wieder (vgl. No. 360, 361) (Grimm No. 100, Gg No. 57 C).",The man as stoker of hell's kettle,II. Eigentliche Märchen,A. Zaubermärchen,Übernatürliche Aufgabe,,,57 C,"100, Gg No",21
480,480,480,,Die Spinnerinnen am Brunnen,"die rechte Tochter und die Stieftochter am Brunnen oder der rollende Kuchen; die rechte Tochter melkt auf der Wanderung die Kuh, schüttelt den Apfelbaum u. s. w. (vgl. No. 510); im Dienst der Hexe; die rechte Tochter erhält ein gutes Geschenk (Gold im Schrein), die Stieftochter ein böses (Feuer im Schrein), oder die Kuh, der Apfelbaum u. a. töten sie auf dem Rückwege (vgl. No. 403) (Grimm No. 24, Gg No. 37).",The spinning-women by the well,II. Eigentliche Märchen,A. Zaubermärchen,Übernatürliche Aufgabe,,,37,"24, Gg No",21
500,500,500,,Der Name des Unholdes (Titeliture),"das Mädchen erfährt den Namen des ihr beistehenden Unholdes (Grimm No. 55, Gg No. 50 A).",The name of the helper (Titeliture),II. Eigentliche Märchen,A. Zaubermärchen,Übernatürlicher Helfer,"500, 501",Die Spinnerin,50 A,"55, Gg No",22
501,501,501,,Drei alte Weiber als Helferinnen,"zur Hochzeit eingeladen (Grimm No. 14, Gg No. 50 B).",Three old women as helpers,II. Eigentliche Märchen,A. Zaubermärchen,Übernatürlicher Helfer,"500, 501",Die Spinnerin,50 B,"14, Gg No",22
502,502,502,,Der wilde Mann,"der Königssohn setzt den Gefangenen in Freiheit, dieser wird sein Diener und Helfer (Ritt auf den Glasberg, vgl. No. 530; Rettung der Königstochter von dem Meerungeheuer, vgl. No. 300; Dienst als Hirt; Krieg oder andere Abenteuer); der Jüngling bekommt die Prinzessin (Grimm No. 136, Gg No. 8 B).",The wild man,II. Eigentliche Märchen,A. Zaubermärchen,Übernatürlicher Helfer,,,8 B,"136, Gg No",22
505,505,505,,Der König wird betrogen,durch den Beistand des Toten gewinnt der Jüngling die Prinzessin und das Schloss (vgl. No. 545 A und B) (Gg No. 67 A).,The king is deceived,II. Eigentliche Märchen,A. Zaubermärchen,Übernatürlicher Helfer,505–508,Der dankbare Tote,67 A,,22
506,506,506,,,"Der Jüngling befreit die Prinzessin aus Räuberhänden; wird ins Meer geworfen; ein anderer gibt vor, der Retter der Prinzessin zu sein (Gg No. 67 B).",,II. Eigentliche Märchen,A. Zaubermärchen,Übernatürlicher Helfer,505–508,Der dankbare Tote,67 B,,22
507,507,507,,Der Kopf des Unholdes,die Prinzessin besucht heimlich den Unhold; der Helfer schlägt dem Unholde den Kopf ab (vgl. No. 306) (Gg No. 67 C).,The ogre's head,II. Eigentliche Märchen,A. Zaubermärchen,Übernatürlicher Helfer,505–508,Der dankbare Tote,67 C,,22
510 A,510,510,A,Aschenbrödel,"die beiden Stiefschwestern; die Stieftochter am Grabe ihrer eigenen Mutter, die ihr Beistand leistet (melkt die Kuh, schüttelt den Apfelbaum, hilft dem Alten, vgl. No. 480); das Mädchen besucht dreimal in schönen Gewändern die Kirche und lässt ihren Schuh zurück; Probe, zu wessen Fusse der Schuh passt (Zum ersten Teile des Märchens vgl. No. 403) (Grimm No. 21, Gg No. 47).",Cinderella,II. Eigentliche Märchen,A. Zaubermärchen,Übernatürlicher Helfer,,,47,"21, Gg No",22
510 B,510,510,B,"Das goldene, das silberne und das Sternenkleid","Geschenk des Vaters, der seine Tochter heiraten will; das Mädchen als Magd des Königssohnes, der mehrere Gegenstände auf sie wirft; dreimaliger Kirchgang und der vergessene Schuh; Hochzeit (vgl. No. 451) (Grimm No. 65, Gg No. 47).","The dress of gold, of silver, and of stars",II. Eigentliche Märchen,A. Zaubermärchen,Übernatürlicher Helfer,,,47,"65, Gg No",22
511,511,511,,"Einäuglein, Zweiäuglein und Dreiäuglein","Zweiäuglein wird von der Mutter schlecht behandelt; soll Ziegen hüten und hungert; eine weise Frau verschafft dem Mädchen einen Zaubertisch mit Speisen; die Schwestern auf der Lauer; der wunderbare Baum, dessen Früchte nur Zweiäuglein pflücken kann; sie wird die Gemahlin eines Grafen (vgl. No. 403) (Grimm No. 130).","One-Eye, Two-Eyes, and Three-Eyes",II. Eigentliche Märchen,A. Zaubermärchen,Übernatürlicher Helfer,,,,130,23
512,512,512,,Die weggejagte Schwester,"die älteren Schwestern jagen die jüngste weg; auf den Rat eines alten Mannes begibt sie sich auf ein Schloss in Dienste; der Alte in der Kiste gibt gute Rathschläge; der Sohn des Schlossherrn verlobt sich mit dem Mädchen, will sich ihr Schloss ansehn; der Alte weiss ihr ein Schloss zu verschaffen (vgl. No. 545).",The banished sister,II. Eigentliche Märchen,A. Zaubermärchen,Übernatürlicher Helfer,,,,,23
513 A,513,513,A,Sechse kommen durch die ganze Welt,"die Gehilfen verrichten am Hofe des Königs für den Jüngling verschiedene Taten (Grimm No. 71, 134, Gg No. 9 A und B).",Six make their way through the whole world,II. Eigentliche Märchen,A. Zaubermärchen,Übernatürlicher Helfer,"513, 514",Die Gehilfen (vgl. No. 653),9 A und B,"71, 134, Gg No",23
513 B,513,513,B,Das zu Wasser und zu Lande fahrende Schiff,(Gg No. 9).,The ship that goes over water and land,II. Eigentliche Märchen,A. Zaubermärchen,Übernatürlicher Helfer,"513, 514",Die Gehilfen (vgl. No. 653),9,,23
514,514,514,,Der Geschlechtswechsel,die Schwester wird Soldat an Stelle des Bruders; heiratet die Tochter des Königs; wird davon gejagt und von den Gefährten gerettet; der Geschlechtswechsel in der Behausung der Zauberin; die Königstochter hält zu ihrem Manne (Gg No. 9 D).,The change of sex,II. Eigentliche Märchen,A. Zaubermärchen,Übernatürlicher Helfer,"513, 514",Die Gehilfen (vgl. No. 653),9 D,,23
515,515,515,,Der Hirtenknabe,"der Knabe findet drei Gegenstände (Schuh, Mütze u. s. w.), die er einem kleinen Jungen, Mädchen und alten Manne wiedergibt; sie versprechen ihm beizustehen; mit ihrer Hülfe bringt er die verschwundene Königstochter zurück und gewinnt ihre Hand.",The shepherd boy,II. Eigentliche Märchen,A. Zaubermärchen,Übernatürlicher Helfer,,,,,23
516,516,516,,Der treue Johannes,das Bild der Königstochter; sie wird auf einem Schiffe entführt; das Gespräch der Raben; der treue Diener zu Stein verwandelt: wieder zum Leben erweckt (Grimm No. 6).,Faithful John,II. Eigentliche Märchen,A. Zaubermärchen,Übernatürlicher Helfer,516–518,Der Gefährte des Königssohnes auf dessen Brautfahrt (vgl. No. 851),,6,24
517,517,517,,"Der Knabe, der in mancherlei Lehre war","die Erlernung der Vogelsprache (vgl. No. 670, 671); (die Prinzessin, die ihr Kind umgebracht hat, vgl. No. 781); vom Prinzen belohnt kehrt der Jüngling als grosser Herr nach Hause zurück.",The boy who was apprenticed to many trades,II. Eigentliche Märchen,A. Zaubermärchen,Übernatürlicher Helfer,516–518,Der Gefährte des Königssohnes auf dessen Brautfahrt (vgl. No. 851),,,24
518,518,518,,,"Teufel (Riesen) streiten sich um Zaubergegenstände, mit deren Hilfe der Jüngling die dem Königssohne auferlegten Arbeiten verrichtet.",,II. Eigentliche Märchen,A. Zaubermärchen,Übernatürlicher Helfer,516–518,Der Gefährte des Königssohnes auf dessen Brautfahrt (vgl. No. 851),,,24
530,530,530,,Die Prinzessin auf dem Glasberge,"der Jüngling reitet auf den Berg und gewinnt die Prinzessin (in verschiedenen Verbindungen, häufig mit dem Märchen vom Drachentöter verknüpft, vgl. No. 300 und 502) (Gg No. 3 A).",The princess on the glass mountain,II. Eigentliche Märchen,A. Zaubermärchen,Übernatürlicher Helfer,530–559,Tiere als Helfer,3 A,,24
531,531,531,,Das kluge Pferd,"hilft dem Jüngling; im Dienst des Königs; schafft die Königin herbei, hat auf den Rat des Pferdes Fleisch, Brot u. s. w. mit, wodurch er den Beistand verschiedener Tiere gewinnt (Grimm No. 126, Gg No. 10).",The clever horse,II. Eigentliche Märchen,A. Zaubermärchen,Übernatürlicher Helfer,530–559,Tiere als Helfer,10,"126, Gg No",24
532,532,532,,Das Pferd als Helfer,"rät dem Jüngling, nichts anderes zu sagen als „ich weiss nicht“; (die Rettung der Prinzessin von dem Meerungeheuer, vgl. No. 300), die Jagd der Freier und Krieg.",The horse as helper,II. Eigentliche Märchen,A. Zaubermärchen,Übernatürlicher Helfer,530–559,Tiere als Helfer,,,24
533,533,533,,Der sprechende Pferdekopf,"auf der Reise zu ihrem Bräutigam wird die Königstochter von ihrer Kammerjungfer gezwungen, mit ihr die Kleider zu tauschen und ihre Stelle einzunehmen; das Pferd der Königstochter wird getötet, aber durch den sprechenden Pferdekopf, der an der Wand hängt, kommt der Betrug zu Tage (vgl. No. 403) (Grimm No. 89).",The speaking horse-head,II. Eigentliche Märchen,A. Zaubermärchen,Übernatürlicher Helfer,530–559,Tiere als Helfer,,89,24
540,540,540,,Der Hund im Meere,"der Hund rettet einen Mann, der sich ertränken will; sie gelangen auf den Boden des Meeres, wo der Mann den König samt seinem Sohne (= dem Hunde) und seinem Reiche erlöst (Gg No. 86). [Der Drachentöter, siehe No. 300]. [Die ungetreue Schwester, siehe No. 315].",The dog in the sea,II. Eigentliche Märchen,A. Zaubermärchen,Übernatürlicher Helfer,530–559,Tiere als Helfer,86,,24
545 A,545,545,A,Das Katzenschloss,"der Knabe erbt eine Kuh, das Mädchen eine Katze; die Katze hilft dem Mädchen, das sich mit einem Prinzen verlobt und nimmt das Schloss des Riesen für das Mädchen in Besitz (vgl. No. 505, 512).",The cat castle,II. Eigentliche Märchen,A. Zaubermärchen,Übernatürlicher Helfer,530–559,Tiere als Helfer,,,25
545 B,545,545,B,Der gestiefelte Kater (oder der Fuchs als Fürsprecher),"der Kater überredet unterwegs die Hirten u. a., sich für die Schlossdiener des Knaben auszugeben und nimmt das Schloss der Schlange (des Zauberers) in Besitz.",Puss in Boots (or the fox as advocate),II. Eigentliche Märchen,A. Zaubermärchen,Übernatürlicher Helfer,530–559,Tiere als Helfer,,,25
550,550,550,,"Der Vogel, das Pferd und die Königstochter","drei Königssöhne ziehen nach einander aus, um den wunderbaren Vogel herbeizuschaffen; es gelingt dem jüngsten mit Hilfe eines Tieres (Wolf, Fuchs); auf der Rückkehr rettet er seine Brüder, die ihn dann umbringen und sich des Vogels bemächtigen; die Königstochter sucht den Vater ihres Kindes; schliesslich nimmt alles ein gutes Ende (Grimm No. 57, Gg No. 13).","The bird, the horse, and the king's daughter",II. Eigentliche Märchen,A. Zaubermärchen,Übernatürlicher Helfer,530–559,Tiere als Helfer,13,"57, Gg No",25
551,551,551,,"Die Söhne ziehen aus, um für ihren Vater ein wunderbares Heilmittel zu holen","dem jüngsten gelingt es mit Hilfe eines Adlers (Zwerges) und verschiedener Zaubergegenstände; die Brüder bemächtigen sich des Heilmittels u. s. w. (Grimm No. 97). [Der Mann auf der Suche nach seiner verschwundenen Gattin, siehe No. 400].",The sons set out to fetch a wonderful remedy for their father,II. Eigentliche Märchen,A. Zaubermärchen,Übernatürlicher Helfer,530–559,Tiere als Helfer,,97,25
552,552,552,,Drei Tiere als Schwäger,drei Prinzessinnen sind mit Tieren verheiratet; die Tiere helfen ihrem Schwager auf seiner Brautfahrt (Gg No. 7).,Three animals as brothers-in-law,II. Eigentliche Märchen,A. Zaubermärchen,Übernatürlicher Helfer,530–559,Tiere als Helfer,7,,25
553,553,553,,Der Rabe als Helfer,ein Jüngling schiesst auf einen Raben; Rettung der Prinzessin vom Meerungeheuer (vgl No. 300) (Gg No. 4).,The raven as helper,II. Eigentliche Märchen,A. Zaubermärchen,Übernatürlicher Helfer,530–559,Tiere als Helfer,4,,25
554,554,554,,Die dankbaren Tiere,"ein Jüngling erwirbt sich die Dankbarkeit mehrerer Tiere (Ameise, Fisch u. s. w.) und gewinnt mit ihrer Hilfe die Königstochter, indem er drei ihm auferlegte Arbeiten verrichtet (einen Ring aus dem Meere holt u. s. w.) (Grimm No. 17, 62).",The grateful animals,II. Eigentliche Märchen,A. Zaubermärchen,Übernatürlicher Helfer,530–559,Tiere als Helfer,,"17, 62",26
555,555,555,,Der Fischer und seine Frau,"der Fisch erfüllt alle Wünsche der Frau eines armen Fischers (schönes Haus u. s. w.); wie sie zuletzt wünscht, der liebe Gott zu werden, geht alles wieder verloren (Grimm No. 19).",The fisherman and his wife,II. Eigentliche Märchen,A. Zaubermärchen,Übernatürlicher Helfer,530–559,Tiere als Helfer,,19,26
559,559,559,,Die Mistkäfer,"die Königstochter zum Lachen zu bringen; machen einen drolligen Aufzug; vertreiben später den vornehmeren Freier aus dem Brautbette (vgl. No. 571–574, 621) (Gg No. 20 B).",The dung-beetles,II. Eigentliche Märchen,A. Zaubermärchen,Übernatürlicher Helfer,530–559,Tiere als Helfer,20 B,,26
560,560,560,,Der Zauberring,die dankbaren Tiere (Katze und Hund) schaffen ihn wieder herbei (Gg No. 6 B).,The magic ring,II. Eigentliche Märchen,A. Zaubermärchen,Übernatürlicher Gegenstand,560–568,"Der Zaubergegenstand wird dem Helden des Märchens entwendet, aber er erzwingt die Rückgabe desselben",6 B,,26
561,561,561,,Aladdin,mit Hilfe eines anderen Zaubergegenstandes wiedergewonnen (Gg No. 6 C).,Aladdin,II. Eigentliche Märchen,A. Zaubermärchen,Übernatürlicher Gegenstand,560–568,"Der Zaubergegenstand wird dem Helden des Märchens entwendet, aber er erzwingt die Rückgabe desselben",6 C,,26
562,562,562,,Der Geist im blauen Lichte = Andersens Feuerzeug,"der Geist bringt drei Nächte hinter einander die Königstochter zu dem Jüngling; dieser hat bei der Flucht das blaue Licht liegen lassen, ein Kamerad bringt es ihm ins Gefängnis und es rettet ihn von der Hinrichtung (Grimm No. 116, Gg No. 6 A).",The spirit in the blue light (Andersen's Tinderbox),II. Eigentliche Märchen,A. Zaubermärchen,Übernatürlicher Gegenstand,560–568,"Der Zaubergegenstand wird dem Helden des Märchens entwendet, aber er erzwingt die Rückgabe desselben",6 A,"116, Gg No",26
563,563,563,,"„Tischlein deck dich“, Goldesel und Knüppel aus dem Sack","der Knüppel zwingt den betrügerischen Gastwirt, den Tisch und den Esel herauszugeben (Grimm No. 36, Gg No. 61). align=""right"" valign=""top"" |","""Table, set yourself"", the gold-ass, and the cudgel in the sack",II. Eigentliche Märchen,A. Zaubermärchen,Übernatürlicher Gegenstand,560–568,"Der Zaubergegenstand wird dem Helden des Märchens entwendet, aber er erzwingt die Rückgabe desselben",61,"36, Gg No",26
564,564,564,,"Die Provianttasche und „Heraus, Jungens, aus dem Sack!“",der reiche Nachbar entwendet die Gegenstände; durch den Sack wird die Rückgabe der Tasche erzwungen (Gg No. 61).,"The provision-bag and ""Out, boys, out of the sack!""",II. Eigentliche Märchen,A. Zaubermärchen,Übernatürlicher Gegenstand,560–568,"Der Zaubergegenstand wird dem Helden des Märchens entwendet, aber er erzwingt die Rückgabe desselben",61,,27
565,565,565,,Die Zaubermühle,"mahlt übermässig viel Mehl, da der Entwender sie nicht zum Stillstand bringen kann; dadurch gelangt der rechtmässige Eigentümer wieder in ihren Besitz; das Mahlen des Salzes im Meere (Grimm No. 103, Gg No. 65).",The magic mill,II. Eigentliche Märchen,A. Zaubermärchen,Übernatürlicher Gegenstand,560–568,"Der Zaubergegenstand wird dem Helden des Märchens entwendet, aber er erzwingt die Rückgabe desselben",65,"103, Gg No",27
566,566,566,,Die drei Zaubergegenstände und die wunderbaren Früchte (Fortunatus),"die Rückgabe wird erzwungen durch die Äpfel, von deren Genuss einem Hörner wachsen (Grimm No. 122, Gg No. 63).",The three magic objects and the wonderful fruits (Fortunatus),II. Eigentliche Märchen,A. Zaubermärchen,Übernatürlicher Gegenstand,560–568,"Der Zaubergegenstand wird dem Helden des Märchens entwendet, aber er erzwingt die Rückgabe desselben",63,"122, Gg No",27
567,567,567,,Der Zaubervogel,"wer das Herz des Vogels verschluckt, erlangt Gold (oder die Königswürde); Entwendung und Wiedererlangung des Zaubers (durch das Kraut, das den, der davon geniesst, in einen Esel verwandelt) (Grimm No. 60, 122).",The magic bird,II. Eigentliche Märchen,A. Zaubermärchen,Übernatürlicher Gegenstand,560–568,"Der Zaubergegenstand wird dem Helden des Märchens entwendet, aber er erzwingt die Rückgabe desselben",,"60, 122",27
569,569,569,,"Der Ranzen, das Hütlein und das Hörnlein","der jüngste von drei Brüdern findet einen Zaubergegenstand, tauscht ihn gegen einen anderen um und verschafft sich mittelst des neuen auch den alten wieder zurück (Essen, Soldaten u. s. w.); führt Krieg gegen den König (vgl. No. 465 A) (Grimm No. 54).","The knapsack, the little hat, and the little horn",II. Eigentliche Märchen,A. Zaubermärchen,Übernatürlicher Gegenstand,,,,54,27
570,570,570,,Der Hasenhirt,ruft mit Hilfe seiner Zauberpfeife die Hasen zusammen; gewinnt die Hand der Königstochter (Gg No. 18 B).,The rabbit-herd,II. Eigentliche Märchen,A. Zaubermärchen,Übernatürlicher Gegenstand,,,18 B,,27
571,571,571,,„Bleibe hängen!“,"alle bleiben am Zaubergegenstande hängen: Heubündel, Kühe, Knecht, Pfarrer u. s. w. (Grimm No. 64, Gg No. 20 A). [Die Mistkäfer, siehe No. 559]. [Der Jäger, siehe No. 304]. align=""right"" valign=""top"" |","""All stick together!""",II. Eigentliche Märchen,A. Zaubermärchen,Übernatürlicher Gegenstand,571–574,"Die Königstochter zum Lachen zu bringen (manchmal als Fortsetzung): wem sich die Königstochter (im Bette) zuwendet, dem wird sie zu Teil (vgl. No. 621)",20 A,"64, Gg No",27
575,575,575,,Die Flügel des Königssohnes,Wettstreit in der Verfertigung des wunderbarsten Gegenstandes: Flügel; der Jüngling fliegt zur Prinzessin (im Turm); von der Richtstätte fliegen beide zusammen davon.,The wings of the king's son,II. Eigentliche Märchen,A. Zaubermärchen,Übernatürlicher Gegenstand,,,,,28
576,576,576,,Das Zaubermesser,"ein Jüngling raubt das Messer aus dem Schlosse der Räuber, tötet sie damit und gewinnt die Tochter des Pfarrers; besiegt mit dem Messer seine Nebenbuhler.",The magic knife,II. Eigentliche Märchen,A. Zaubermärchen,Übernatürlicher Gegenstand,,,,,28
580,580,580,,Der Liebling der Frauen,"in den jüngsten von drei Brüdern verlieben sich alle Frauen (Wunsch); er erhält von Gastwirtinnen drei Zaubergegenstände, mit denen er ein gutes Leben hat (Kleider, Speise und Trank); die Wittwe des Königs verliebt sich in ihn und nimmt ihn zum Manne (Gg No. 88). [Der Gefährte des Königssohnes auf dessen Brautfahrt, siehe No. 518]. [Das zu Wasser und zu Lande fahrende Schiff, siehe No. 513 B]. [Der Mann auf der Suche nach seiner verschwundenen Gattin, siehe No. 400]. [Der klingende Baum, siehe No. 403]. [Die magische Flucht, siehe No. 313, 314].",The darling of the women,II. Eigentliche Märchen,A. Zaubermärchen,Übernatürlicher Gegenstand,,,88,,28
585,585,585,,"Spindel, Weberschiffchen und Nadel","der Königssohn will das Mädchen heiraten, das zugleich das ärmste und das reichste ist; das arme Mädchen besitzt wunderbare Patengeschenke: eine Spindel, die den Königssohn zu ihr führt, eine Nadel, die das Zimmer aufputzt u. s. w. (Grimm No. 188).","Spindle, shuttle, and needle",II. Eigentliche Märchen,A. Zaubermärchen,Übernatürlicher Gegenstand,,,,188,28
590,590,590,,Der Königssohn und die Armbänder,"der Jüngling, dem die böse Stiefmutter nach dem Leben trachtet, findet zwei Armbänder: stark; Abenteuer, zwei Löwen leisten ihm Beistand; die Stiefmutter lässt ihm die Augen ausstechen; er wird wiederhergestellt und die Stiefmutter erhält ihre Strafe (Gg No. 134).",The king's son and the bracelets,II. Eigentliche Märchen,A. Zaubermärchen,Übernatürlicher Gegenstand,,,134,,28
591,591,591,,Der stehlende Topf,"ein Bauer tauscht seine Kuh gegen einen Topf um, der ihm das Brot, Bier, Geld u. s. w. des reichen Nachbars bringt (Gg No. 62).",The thieving pot,II. Eigentliche Märchen,A. Zaubermärchen,Übernatürlicher Gegenstand,,,62,,28
592,592,592,,Der Jude im Dorn,"Zaubergeige, -karten und -büchse; die Richter müssen tanzen (Grimm No. 110, Gg No. 91).",The Jew in the thorns,II. Eigentliche Märchen,A. Zaubermärchen,Übernatürlicher Gegenstand,,,91,"110, Gg No",29
593,593,593,,Fiddivav,"auf den Rat eines alten Weibes sagt der junge Bettler im Bauernhause nur zu allem „Danke“; legt einen kleinen Stein in die Asche: alle die in der Asche rühren, Tochter, Frau, Pfarrer u. s. w. müssen fortwährend „Fiddivav“ sagen, bis er sie von dem Zauber erlöst; er heiratet die Tochter (Gg No. 92). [Die drei goldenen Söhne, siehe No. 707]. [Der Schmied und der Teufel, siehe No. 330 A].",Fiddivav,II. Eigentliche Märchen,A. Zaubermärchen,Übernatürlicher Gegenstand,,,92,,29
610,610,610,,Die Gesundheitsfrüchte,"ein altes Weib gewährt den Früchten des jüngsten Bruders die Heilkraft; er gewinnt die Hand der Prinzessin (Grimm No. 165, Gg 18 A).",The healing fruits,II. Eigentliche Märchen,A. Zaubermärchen,Übernatürlicher Gegenstand,610–619,Zauberheilmittel,,"165, Gg 18 A",29
611,611,611,,Die Gaben des Zwerges,der Sohn eines Kaufmanns mit der Tochter eines anderen Kaufmanns verlobt; der Jüngling auf dem Meere; erhält zum Lohn für die Rettung eines Kindes Zaubergegenstände u. a. eine Zaubersalbe; er heilt die kranke Königstochter (den König) und besiegt ein feindliches Heer; kehrt als reicher Mann heim und heiratet seine Jugendliebe (Gg No. 89).,The gifts of the dwarf,II. Eigentliche Märchen,A. Zaubermärchen,Übernatürlicher Gegenstand,610–619,Zauberheilmittel,89,,29
612,612,612,,Die drei Schlangenblätter,"ein Mann lässt sich mit seiner gestorbenen Frau in das Grabgewölbe einschliessen; sieht, wie eine Schlange mittels dreier Blätter eine andere Schlange wieder lebendig macht; ruft auf gleiche Weise seine Frau wieder ins Leben zurück (Grimm No. 16). [Der Geist im Glas, siehe No. 331.]",The three snake-leaves,II. Eigentliche Märchen,A. Zaubermärchen,Übernatürlicher Gegenstand,610–619,Zauberheilmittel,,16,29
613,613,613,,Die beiden Wanderer (Lüge und Wahrheit),"der eine sticht dem anderen die Augen aus; der Blinde erlauscht unter einem Baume (Galgen) Geheimnisse und erhält seine Sehkraft wieder; dem bösen Kameraden werden die Augen ausgestochen oder er wird getötet (Grimm No. 107, Gg No. 70). [Der verbotene Schrein, siehe No. 313 B].",The two travelers (Falsehood and Truth),II. Eigentliche Märchen,A. Zaubermärchen,Übernatürlicher Gegenstand,610–619,Zauberheilmittel,70,"107, Gg No",29
620,620,620,,Die Geschenke,von zwei Schwestern weigert sich die hochmütige einem alten Weibe zu helfen; erhält ein vom Zauberstabe der Alten hervorgebrachtes Schloss und wird Königin; wegen ihres Hochmutes wird sie verjagt; die Schwester erhält ein glückbringendes Geschenk (Gg No. 75).,The presents,II. Eigentliche Märchen,A. Zaubermärchen,Übernatürlicher Gegenstand,,,75,,30
621,621,621,,Das Lausfell,"der Jüngling errät, gewinnt die Königstochter; wem sie sich in der Nacht zuwendet (vgl. No. 425 B, 571–574, 559, 850).",The louse-skin,II. Eigentliche Märchen,A. Zaubermärchen,Übernatürlicher Gegenstand,,,,,30
650 A,650,650,A,Der starke Hans,"in der Schmiede, im Brunnen, im Kriege, beim Holzeinfahren, als Vielesser u. s. w. (vgl. No. 301 B) (Grimm No. 90, Gg No. 5 B).",Strong Hans,II. Eigentliche Märchen,A. Zaubermärchen,Übernatürliches Können oder Wissen,,,5 B,"90, Gg No",30
650 B,650,650,B,,"Der Jüngling zieht aus, um einen starken Gegner zu suchen; schläft zwischen zwei starken Männern; entflieht; der Angler ringt mit den Verfolgern und besiegt sie.",,II. Eigentliche Märchen,A. Zaubermärchen,Übernatürliches Können oder Wissen,,,,,30
652,652,652,,"Der Königssohn, dessen Gedanken immer in Erfüllung gehn","der Knabe wird geraubt; der König schliesst seine Gemahlin in einen Turm ein; der Knabe wächst heran, rächt sich an dem Manne, der ihn geraubt hatte; tritt als Jäger in den Dienst des Königs, entdeckt diesem die Wahrheit. (Braut in Gestalt einer Nelke) (Grimm No. 76).",The king's son whose thoughts always come true,II. Eigentliche Märchen,A. Zaubermärchen,Übernatürliches Können oder Wissen,,,,76,30
653,653,653,,Die vier kunstreichen Brüder,"der Vater schickt sie in die Lehre; alle legen glänzende Proben ihrer Kunstfertigkeit ab; das Vogelnest auf dem Baum; schaffen die geraubte Königstochter wieder herbei (vgl. No. 513, 514) (Grimm No. 129, Gg No. 9 C).",The four skillful brothers,II. Eigentliche Märchen,A. Zaubermärchen,Übernatürliches Können oder Wissen,,,9 C,"129, Gg No",30
654,654,654,,Die drei Brüder,"vom Vater in die Lehre geschickt; Handwerksproben: der Fechtmeister schwenkt seinen Degen so, dass er im heftigen Regen nicht nass wird, der Barbier rasiert einen laufenden Hasen u. s. w. (Grimm No. 124).",The three brothers,II. Eigentliche Märchen,A. Zaubermärchen,Übernatürliches Können oder Wissen,,,,124,30
660,660,660,,Die drei Doktoren,"das Herz des Schweines, die Hand des Diebes, das Auge der Katze (Grimm No. 118).",The three doctors,II. Eigentliche Märchen,A. Zaubermärchen,Übernatürliches Können oder Wissen,,,,118,31
665,665,665,,"Der Mann, der als Vogel über Land fliegt und als Fisch im Wasser schwimmt","holt im Kriege das Schwert des Königs, der ihm seine Tochter zur Frau gibt. [Das Herz des Teufels im Ei, siehe No. 302].",The man who flies over land like a bird and swims in the water like a fish,II. Eigentliche Märchen,A. Zaubermärchen,Übernatürliches Können oder Wissen,,,,,31
667,667,667,,Der Pflegesohn des Waldgeistes,"der dem Waldgeiste versprochene Knabe; erhält von diesem die Gabe, sich in verschiedene Tiere verwandeln zu können; befreit die Prinzessin, gerät ins Meer; verräterischer Hofmann, der sich für den Retter der Prinzessin ausgibt (Gg No. 16).",The foster-son of the forest spirit,II. Eigentliche Märchen,A. Zaubermärchen,Übernatürliches Können oder Wissen,,,16,,31
670,670,670,,Die Sprachen der Tiere,"ein Mann erlernt die Sprachen der Tiere; seine Frau will das Geheimnis erfahren; der Rat des Hahnes (vgl. No. 517, 671).",The languages of the animals,II. Eigentliche Märchen,A. Zaubermärchen,Übernatürliches Können oder Wissen,,,,,31
671,671,671,,Die drei Sprachen,"der Knabe lernt die Sprachen der Hunde, der Vögel und der Frösche; macht durch diese Kenntnisse sein Glück (Grimm No 33).",The three languages,II. Eigentliche Märchen,A. Zaubermärchen,Übernatürliches Können oder Wissen,,,,33,31
675,675,675,,Der faule Knabe,„durch das Wort des Hechtes“; die Königstochter schwanger; der Jüngling mit der Königstochter in einer Tonne ins Meer geworfen; auf der Insel (Gg No. 127).,The lazy boy,II. Eigentliche Märchen,A. Zaubermärchen,Übernatürliches Können oder Wissen,,,127,,31
676,676,676,,Simeliberg,"ein armer Mann beobachtet Räuber, die in einen Berg eindringen; gebraucht wie sie die Worte: „öffne dich“, holt Gold aus dem Berge; sein reicher Bruder will dasselbe tun, wird getötet (Grimm No. 142, Gg No. 129). [Der Geist im Glas, siehe No. 331]. [Die zertanzten Schuhe, siehe No. 360].",Simeli Mountain,II. Eigentliche Märchen,A. Zaubermärchen,Übernatürliches Können oder Wissen,,,129,"142, Gg No",31
677,677,677,,„Eisen ist teurer als Gold“,"lässt sich vom Schiffe auf den Grund des Meeres fallen, wo er mit Hilfe dieses Spruches viel Gold gewinnt (vgl. No. 910 B).","""Iron is dearer than gold""",II. Eigentliche Märchen,A. Zaubermärchen,Übernatürliches Können oder Wissen,,,,,31
700,700,700,,Der Däumling,"beim Pflügen; der König kauft den Knaben; in Gesellschaft von Dieben; im Magen der Kuh und des Wolfes (vgl. No. 327 B) (Grimm No. 37, 45, Gg No. 83).",Thumbling,II. Eigentliche Märchen,A. Zaubermärchen,Andere übernatürliche Momente,,,83,"37, 45, Gg No",32
705,705,705,,Das durch den Genuss von Fisch geborene Mädchen (vgl. No 303),der Königssohn findet das stumme Mädchen im Neste eines Vogels; heiratet sie; die Kinder werden bei Seite geschafft; sie wird von ihrem Manne verstossen; das Rätsel (vgl. No. 451) (Gg No. 45 B).,The girl born from the eating of a fish,II. Eigentliche Märchen,A. Zaubermärchen,Andere übernatürliche Momente,705–709,Das verstossene Weib oder Mädchen,45 B,,32
706,706,706,,Das Mädchen ohne Hände,"wird die Gemahlin des Königs; verstossen; erlangt ihre Hände wieder und wird von ihrem Gatten wieder aufgenommen (Grimm No. 31, Gg No. 46).",The maiden without hands,II. Eigentliche Märchen,A. Zaubermärchen,Andere übernatürliche Momente,705–709,Das verstossene Weib oder Mädchen,46,"31, Gg No",32
707,707,707,,Die drei goldenen Söhne,"die Königin gebärt Wunderkinder; sie werden vertauscht; die Königin wird verstossen; die Suche nach dem sprechenden Vogel, dem singenden Baum und dem Wasser des Lebens (Grimm No. 96, Gg No. 44).",The three golden sons,II. Eigentliche Märchen,A. Zaubermärchen,Andere übernatürliche Momente,705–709,Das verstossene Weib oder Mädchen,44,"96, Gg No",32
708,708,708,,Die Missgeburt,"eine Königstochter bringt durch die Zauberkünste ihrer bösen Stiefmutter ein Ungeheuer zur Welt und wird verstossen; das Ungeheuer ernährt sie, bis alles wieder gut wird; aus dem Ungeheuer wird ein Prinz (Gg No. 32).",The monstrous birth,II. Eigentliche Märchen,A. Zaubermärchen,Andere übernatürliche Momente,705–709,Das verstossene Weib oder Mädchen,32,,32
709,709,709,,Schneewittchen,"die böse Stiefmutter versucht das Mädchen zu töten; bei den Zwergen (Räubern), wo der Königssohn das Mädchen findet und zur Frau nimmt (Grimm No. 53, Gg No. 120).",Snow White,II. Eigentliche Märchen,A. Zaubermärchen,Andere übernatürliche Momente,705–709,Das verstossene Weib oder Mädchen,120,"53, Gg No",32
710,710,710,,Das Marienkind,"das Mädchen leugnet, in ein verbotenes Gemach hineingesehn zu haben; das Mädchen wird stumm; wird die Gemahlin des Königs; die Jungfrau Maria (eine Zauberin, die böse Schwiegermutter) schafft die Kinder bei Seite; schliesslich gesteht die Königin ihre Schuld ein und alles nimmt ein gutes Ende (vgl. No. 451) (Grimm No. 3, Gg No. 45 A).",Our Lady's child,II. Eigentliche Märchen,A. Zaubermärchen,Andere übernatürliche Momente,,,45 A,"3, Gg No",32
715,715,715,,Der Hahn kräht im Leibe des Königs,"wird zu den Pferden, Ochsen u. s. w. gesteckt; die mitgenommenen Tiere (Bär, Wolf u. s. w.) helfen; der König verschluckt den Hahn, er singt in seinem Leibe.",The cock crows in the king's body,II. Eigentliche Märchen,A. Zaubermärchen,Andere übernatürliche Momente,,,,,33
720,720,720,,"Meine Mutter hat mich umgebracht, mein Vater hat mich gegessen","die Gebeine des Knaben verwandeln sich in einen Vogel; der Vogel lässt einen Mühlstein auf die Mutter fallen; wird wieder zum Knaben (Grimm No. 47, Gg No. 41).","My mother slew me, my father ate me",II. Eigentliche Märchen,A. Zaubermärchen,Andere übernatürliche Momente,,,41,"47, Gg No",33
725,725,725,,Der Traum,der Knabe will seinen Traum dem Vater und selbst dem König nicht erzählen; verschiedene Abenteuer; besiegt die Feinde; erhält die Tochter des Königs; so geht sein Traum in Erfüllung.,The dream,II. Eigentliche Märchen,A. Zaubermärchen,Andere übernatürliche Momente,,,,,33
750,750,750,,Die Wünsche,"der Heiland und Petrus gewähren dem armen Bauer, der sie gastlich aufnimmt, drei gute Wünsche, dem reichen dagegen drei schädliche Wünsche (vgl. No. 330 A) (Grimm No. 87, Gg No. 128).",The wishes,II. Eigentliche Märchen,B. Legendenartige Märchen,,750–779,Gott belohnt und straft,128,"87, Gg No",33
751,751,751,,Die geizige Bäuerin,der Kuchen wird grösser:,The greedy peasant woman,II. Eigentliche Märchen,B. Legendenartige Märchen,,750–779,Gott belohnt und straft,,,33
751 A,751,751,A,,Die Bäuerin wird in einen Schwarzspecht verwandelt.,,II. Eigentliche Märchen,B. Legendenartige Märchen,,750–779,Gott belohnt und straft,,,33
751 B,751,751,B,,Die Bäuerin muss zwei Schlangen als Pflegekinder aufnehmen.,,II. Eigentliche Märchen,B. Legendenartige Märchen,,750–779,Gott belohnt und straft,,,33
752,752,752,,Der Heiland und Petrus in der Scheune,"der Bauer zwingt sie zu dreschen; sie sondern durch Feuer die Spreu vom Korn; wie der Bauer das Gleiche versucht, brennt die Scheune nieder.",The Savior and Peter in the barn,II. Eigentliche Märchen,B. Legendenartige Märchen,,750–779,Gott belohnt und straft,,,33
753,753,753,,Der Heiland und der Schmied,"der Heiland nimmt dem Pferde die Füsse ab, um sie zu beschlagen, und verjüngt ein altes Weib; dem Schmied misslingt der Versuch, dasselbe zu tun (Grimm No. 147, Gg No. 119).",The Savior and the smith,II. Eigentliche Märchen,B. Legendenartige Märchen,,750–779,Gott belohnt und straft,119,"147, Gg No",33
755,755,755,,Sünde und Gnade,"die Frau des Pfarrers verhindert durch Zaubermittel die Geburt ihrer Kinder; da sie keinen Schatten wirft, verstösst ihr Mann sie als Sünderin, bis aus dem steinernen Tisch eine Rose hervorwachse; ein anderer Geistlicher bringt die Frau Nachts in eine Kirche: die Kinder erscheinen und verzeihen ihrer Mutter; diese kehrt nach Hause zurück, die Rose spriesst auf (Gg No. 60).",Sin and grace,II. Eigentliche Märchen,B. Legendenartige Märchen,,750–779,Gott belohnt und straft,60,,34
756,756,756,,Die drei grünen Zweige,"ein Eremit, welcher von einem Manne, den man zum Galgen führt, sagt, dass er eine gerechte Strafe erleidet, muss zur Strafe als Bettler umherwandern, bis an einem trockenen Aste drei grüne Zweige erscheinen; er bekehrt eine Räuberbande mit der Erzählung seines Schicksals: die grünen Zweige erscheinen (Grimm, Kinderleg. No. 6, Gg No. 58 B).",The three green twigs,II. Eigentliche Märchen,B. Legendenartige Märchen,,750–779,Gott belohnt und straft,58 B,,34
760,760,760,,"Der Tote, der keine Ruhe im Grabe findet",ein Mann verbrennt seine drei Bräute; findet keine Ruhe im Grabe; ein Mädchen bringt den Toten zum Geistlichen; verschafft ihm die Verzeihung der ermordeten Bräute.,The dead man who finds no rest in the grave,II. Eigentliche Märchen,B. Legendenartige Märchen,,750–779,Gott belohnt und straft,,,34
761,761,761,,Der harte Gutsherr als Pferd des Teufels,sendet seinem Sohne einen Brief.,The cruel landlord as the devil's horse,II. Eigentliche Märchen,B. Legendenartige Märchen,,750–779,Gott belohnt und straft,,,34
765,765,765,,Die Mutter will ihre Kinder töten,sie werden vom Vater gerettet und verborgen gehalten; nach vielen Jahren kommen sie zum Vorschein; die Mutter stirbt vor Schreck.,The mother who wants to kill her children,II. Eigentliche Märchen,B. Legendenartige Märchen,,750–779,Gott belohnt und straft,,,34
780,780,780,,Der singende Knochen,"der Bruder tötet seinen Bruder (Schwester) und vergräbt ihn in der Erde; ein Hirt verfertigt aus den Gebeinen eine Flöte, die das Geheimnis an den Tag bringt (Grimm No. 28).",The singing bone,II. Eigentliche Märchen,B. Legendenartige Märchen,,780–789,Die Wahrheit kommt an den Tag,,28,34
781,781,781,,"Die Königstochter, die ihr Kind umgebracht hat",der Jüngling lernt die Sprache der Vögel; der Vogel singt: die Gebeine liegen unter dem Baume (vgl. No. 517).,The king's daughter who killed her child,II. Eigentliche Märchen,B. Legendenartige Märchen,,780–789,Die Wahrheit kommt an den Tag,,,34
785,785,785,,Wer ass das Herz des Lammes?,"Petrus mit seinem Gefährten auf der Wanderung; der Gefährte ist das Herz des Lammes, leugnet es; die Heilung der Prinzessin; bei der Teilung des Geldes gesteht er, als dem, der das Herz gegessen, der dritte Teil des Geldes zuerkannt wird (Grimm No. 81).",Who ate the lamb's heart?,II. Eigentliche Märchen,B. Legendenartige Märchen,,780–789,Die Wahrheit kommt an den Tag,,81,35
800,800,800,,Der Schneider im Himmel,Petrus lässt den unehrlichen Schneider in Abwesenheit Gottes in den Himmel; der Schneider wirft Gottes Fussschemel hinunter auf die Erde auf eine alte Diebin; wird aus dem Himmel weggejagt (Grimm No. 35).,The tailor in heaven,II. Eigentliche Märchen,B. Legendenartige Märchen,,800–809,Der Mann im Himmel,,35,35
801,801,801,,Meister Pfriem,"Der mit allem unzufriedene Schuster wird aus dem Himmel gejagt, weil er auch dort das Nörgeln nicht lassen kann, als er an einem Wagen zwei Pferde vorn und zwei hinter angespannt sieht (Grimm No. 178).",Master Pfriem,II. Eigentliche Märchen,B. Legendenartige Märchen,,800–809,Der Mann im Himmel,,178,35
802,802,802,,Das Bürle im Himmel,"bei der Ankunft des Reichen im Himmel wird gespielt und getanzt, weil das so selten vorkommt (Grimm No. 167).",The peasant in heaven,II. Eigentliche Märchen,B. Legendenartige Märchen,,800–809,Der Mann im Himmel,,167,35
810,810,810,,Die Fallstricke des Bösen,"der Geistliche lässt den dem Teufel Versprochenen die Nacht in der Kirche verbringen und zieht einen Kreis um ihn; dem Teufel gelingt es nicht, ihn aus dem Kreise herauszulocken (Grimm No. 92, Gg No. 59).",The snares of the Evil One,II. Eigentliche Märchen,B. Legendenartige Märchen,,810–814,Der dem Teufel Versprochene,59,"92, Gg No",35
811,811,811,,,Der dem Teufel Versprochene wird Geistlicher und rettet sich (Gg No. 58).,,II. Eigentliche Märchen,B. Legendenartige Märchen,,810–814,Der dem Teufel Versprochene,58,,35
812,812,812,,,"Wird gerettet, indem er das vom Teufel aufgegebene Rätsel löst, dessen Lösung er im Walde, erfahren hat (Grimm No. 125, Gg No. 57).",,II. Eigentliche Märchen,B. Legendenartige Märchen,,810–814,Der dem Teufel Versprochene,57,"125, Gg No",35
815,815,815,,Die Teufel in der Kirche,"ein Herr ist gestorben; der Schuster in der Kirche; nagelt einen Teufel an den Altar fest; die Haut des Verstorbenen; der Schuster erhält viel Geld. align=""right"" valign=""top"" |",The devils in the church,II. Eigentliche Märchen,B. Legendenartige Märchen,,,,,,35
820,820,820,,Der Teufel statt des Tagelöhners beim Mähen,"der böse Vogt muss so lange mähen, bis er stirbt.",The devil mows in place of the day-laborer,II. Eigentliche Märchen,B. Legendenartige Märchen,,,,,,36
821,821,821,,Der Teufel als Zeuge (Advokat),,The devil as witness (advocate),II. Eigentliche Märchen,B. Legendenartige Märchen,,,,,,36
821 A,821,821,A,,Ein Mann wird wegen Diebstahls angeklagt; der Teufel entführt den Richter aus dem Gerichtssal.,,II. Eigentliche Märchen,B. Legendenartige Märchen,,,,,,36
821 B,821,821,B,,„Ebenso gut werden gekochte Erbsen wachsen wie aus gekochten Eiern Küchlein auskriechen“; der Teufel entführt den Richter.,,II. Eigentliche Märchen,B. Legendenartige Märchen,,,,,,36
850,850,850,,Die Merkmale der Prinzessin,"die Pfeife und die drei Schweine, die danach tanzen; mit ihrer Hilfe erfährt der Jüngling die Merkmale der Prinzessin; (wem sie sich in der Nacht zuwendet, vgl. No. 621) (Grimm No. 114, Gg No. 19 A).",The birthmarks of the princess,II. Eigentliche Märchen,C. Novellenartige Märchen,,850–869,Die Hand der Königstochter wird gewonnen,19 A,"114, Gg No",36
851,851,851,,"Die Prinzessin, die das Rätsel nicht erraten kann","ein Königssohn zieht mit seinem treuen Diener in die Welt hinaus; mit Hilfe des Dieners rettet er in einer Räuberhöhle sein Leben; die vergifteten Raben; das Rätsel von den eigenen Erlebnissen des Jünglings; er gewinnt die Hand der Prinzessin (vgl. No. 516–518) (Grimm No. 22, Gg No. 19 B).",The princess who cannot solve the riddle,II. Eigentliche Märchen,C. Novellenartige Märchen,,850–869,Die Hand der Königstochter wird gewonnen,19 B,"22, Gg No",36
852,852,852,,"Der Jüngling bringt die Königstochter dazu, zu sagen","„das ist eine Lüge“: (grosser Stall, Fall vom Himmel herab u. s. w.) und gewinnt so ihre Hand (vgl. No. 1960 E und G) (Grimm No. 112, Gg No. 21).",The youth makes the king's daughter say so,II. Eigentliche Märchen,C. Novellenartige Märchen,,850–869,Die Hand der Königstochter wird gewonnen,21,"112, Gg No",36
853,853,853,,"Der Jüngling, der die Königstochter mit ihren eigenen Worten fängt",nimmt eine tote Krähe und andere gefundene Gegenstände mit (Gg No. 22).,The youth who catches the king's daughter with her own words,II. Eigentliche Märchen,C. Novellenartige Märchen,,850–869,Die Hand der Königstochter wird gewonnen,22,,36
854,854,854,,Der goldene Bock,„mit Geld vermag man alles“; der Jüngling gelangt im goldenen Bocke in das Gemach der Prinzessin und gewinnt sie (Gg No. 123).,The golden ram,II. Eigentliche Märchen,C. Novellenartige Märchen,,850–869,Die Hand der Königstochter wird gewonnen,123,,36
870,870,870,,Die Prinzessin in der Erdhöhle,"der König sperrt seine Tochter in eine Höhle ein; stirbt; sie gräbt sich heraus; wird Magd in einem Königsschloss; soll bei der Hochzeit des Königssohnes die Braut vertreten; spricht auf der Fahrt zum Pferde ihres Vaters etc.; der Königssohn erkennt schliesslich in ihr seine frühere Braut und heiratet sie (Grimm No. 198, Gg No. 48).",The princess in the underground cave,II. Eigentliche Märchen,C. Novellenartige Märchen,,870–879,Das Mädchen heiratet den Königssohn,48,"198, Gg No",37
875,875,875,,Die kluge Bauerntochter,wird wegen ihrer Scharfsinnproben die Gemahlin des Königs; er gerät in Zorn und verstösst sie; sie führt ihn als ihr Liebstes mit heim (Grimm No. 94).,The clever peasant girl,II. Eigentliche Märchen,C. Novellenartige Märchen,,870–879,Das Mädchen heiratet den Königssohn,,94,37
880,880,880,,Der Mann prahlt mit seinem Weibe,wird im Schlosse des Kaisers gefangengesetzt; die Frau verlobt sich in Männerkleidern mit der Tochter des Kaisers; entflieht mit ihrem Manne.,The man boasts of his wife,II. Eigentliche Märchen,C. Novellenartige Märchen,,880–899,Treue und Unschuld,,,37
881,881,881,,Vielgeprüfte Treue,"ein Kaufmannssohn heiratet die Tochter des Königs; es wird versucht, sie zu verführen; der Mann schlägt seine Frau und glaubt, sie getötet zu haben; ein Arzt heilt sie, will sie besitzen; sie entflieht in Männerkleidern; wird Kaiser; lässt ihr Bild an weithin sichtbarem Platze aufstellen; wird mit ihrem Manne wiedervereint.",Oft-proved fidelity,II. Eigentliche Märchen,C. Novellenartige Märchen,,880–899,Treue und Unschuld,,,37
882,882,882,,Die Wette auf die Treue der Gattin,"ein Schiffskapitän heiratet ein armes Mädchen; geht mit einem Kaufmann eine Wette auf die Treue seiner Frau ein; durch Betrug verschafft sich dieser Beweise für die Untreue (Ring); der Kapitän verlässt die Heimat; die Frau reist ihm in Männerkleidern nach; sie gelangen in ihr Heim zurück, und alles klärt sich auf (Gg No. 131).",The wager on the wife's fidelity,II. Eigentliche Märchen,C. Novellenartige Märchen,,880–899,Treue und Unschuld,131,,37
883,883,883,,Das unschuldig verleumdete Mädchen,"während der Vater auf Reisen ist, wird versucht, die Tochter zu verführen; da es nicht gelingt, wird sie verleumdet; der Vater befiehlt seinem Sohne, die Schwester zu töten; sie wird die Gattin eines Prinzen; wird einem Diener anvertraut; dieser versucht, sie zu verführen; das Mädchen in Männerkleidern; alles nimmt ein gutes Ende.",The innocently slandered maiden,II. Eigentliche Märchen,C. Novellenartige Märchen,,880–899,Treue und Unschuld,,,37
884,884,884,,Die verlassene Braut,"ein Prinz verlässt seine Braut, um sich nach dem Willen seines Vaters mit einer anderen zu verloben; die frühere Braut tritt mit ihren Gefährtinnen in Männerkleidern in den Dienst des Prinzen; Probe, ob Männer oder Mädchen; der Prinz heiratet seine einstige Braut (Grimm No. 67).",The forsaken bride,II. Eigentliche Märchen,C. Novellenartige Märchen,,880–899,Treue und Unschuld,,67,38
885,885,885,,,"Der arme Jüngling als Bräutigam des Mädchens; die Eltern des Mädchens zwingen es, sich mit dem Pfarrer zu verloben; der Jüngling kommt unerkannt zur Hochzeit; der Pfarrer traut ihn im Scherz mit dem Mädchen; er gibt sich zu erkennen.",,II. Eigentliche Märchen,C. Novellenartige Märchen,,880–899,Treue und Unschuld,,,38
886,886,886,,"Das Mädchen, das nicht schweigen kann","das Mädchen kann nicht geheimhalten, dass der Jüngling sie heiraten will; er sucht sich daher eine andere Braut; bei der Trauung sagt die frühere Braut, dass sie den Jüngling immer noch liebt; der neuen Braut entschlüpft die Äusserung, dass sie sieben Kinder gehabt und dies geheimzuhalten verstanden habe: der Jüngling heiratet die frühere Braut (Gg No. 132).",The girl who could not keep silent,II. Eigentliche Märchen,C. Novellenartige Märchen,,880–899,Treue und Unschuld,132,,38
887,887,887,,Griseldis,"der König heiratet ein Mädchen aus niederem Stande; sie verspricht, immer zufrieden zu sein; der König stellt sie auf die Probe, indem er sie glauben lässt, dass er ihre Kinder tötet und ein anderes Weib nimmt (Gg No. 36).",Griselda,II. Eigentliche Märchen,C. Novellenartige Märchen,,880–899,Treue und Unschuld,36,,38
889,889,889,,Der treue Diener,"der Herr geht auf die Treue seines Dieners eine Wette mit dem Nachbar ein; der Diener wird in das Haus des Nachbars geschickt, wo er betrunken gemacht wird u. s. w.; der Nachbar verliert die Wette (Gg No. 74).",The faithful servant,II. Eigentliche Märchen,C. Novellenartige Märchen,,880–899,Treue und Unschuld,74,,38
900,900,900,,König Drosselbart,"eine Königstochter verhöhnt alle Freier; nennt einen davon Drosselbart; ihr Vater gibt sie einem Bettler zur Frau; ihr Stolz wird gedemütigt; der Bettler gibt sich als König Drosselbart zu erkennen (Grimm No. 52, Gg No. 121).",King Thrushbeard,II. Eigentliche Märchen,C. Novellenartige Märchen,,900–904,Das böse Weib wird gebessert,121,"52, Gg No",38
901,901,901,,Der Widerspenstigen Zähmung,"die jüngste von drei Schwestern eine böse Sieben; der Mann schiesst seinen Hund und sein Pferd wegen Ungehorsams nieder, erzieht seine Frau zur Folgsamkeit; Probe, wessen Frau am gehorsamsten ist (Gg No. 79).",The taming of the shrew,II. Eigentliche Märchen,C. Novellenartige Märchen,,900–904,Das böse Weib wird gebessert,79,,39
910 A,910,910,A,Durch Schaden klug,"besuche nicht oft deine Freunde, heirate nicht ein Mädchen aus der Ferne u. s. w.; nachdem er sie erprobt hat, erkennt er die Weisheit dieser Ratschläge (Gg No. 78 A).",Made wise through harm,II. Eigentliche Märchen,C. Novellenartige Märchen,,910–914,Die guten Ratschläge,78 A,,39
910 B,910,910,B,Die guten Ratschläge des Dienstherrn,"weiche nicht von der Landstrasse ab (der Gefährte weicht ab, gerät in die Hände von Räubern), wenn du zornig wirst, bete erst ein Vaterunser (er will den neben seiner Frau schlafenden Mann totschlagen, es ist sein Sohn), Eisen ist teurer als Gold u. s. w. (vgl. No. 677) (Gg 78 B).",The master's good counsels,II. Eigentliche Märchen,C. Novellenartige Märchen,,910–914,Die guten Ratschläge,,,39
910 C,910,910,C,"„Denke nach, ehe du eine Arbeit beginnst“",dem König soll der Bart geschoren werden; der Barbier offenbart ihm den Mordanschlag.,"""Think before you begin a task""",II. Eigentliche Märchen,C. Novellenartige Märchen,,910–914,Die guten Ratschläge,,,39
915,915,915,,"Es ist, wie man’s nimmt","die beiden Stiefschwestern heiraten; die Tochter der zweiten Frau befolgt die drei Lehren der Mutter wörtlich, die Stieftochter der Erklärung ihres Vaters gemäss; die Eltern finden bei ihrem Besuche, dass bei der ersteren alles schlecht, bei der letzteren alles gut steht (Gg No. 116).",It is as one takes it,II. Eigentliche Märchen,C. Novellenartige Märchen,,,,116,,39
920,920,920,,Der Sohn des Königs (Salomo) und der Sohn des Schmiedes,die Kinder werden vertauscht; beim Spiel der Knaben ist Salomo König; zeigt seine Klugheit.,The son of the king (Solomon) and the son of the smith,II. Eigentliche Märchen,C. Novellenartige Märchen,,920–929,Der kluge Knabe (Mädchen),,,39
921,921,921,,Der König und der Bauernjunge,die klugen Antworten des Jungen auf die Fragen des Königs (1½ Männer und der Kopf des Pferdes u. s. w.).,The king and the peasant's son,II. Eigentliche Märchen,C. Novellenartige Märchen,,920–929,Der kluge Knabe (Mädchen),,,39
922,922,922,,Der Hirtenknabe antwortet statt des Priesters auf die Fragen des Königs,"(der Kaiser und der Abt) (Grimm No. 152, Gg No. 97). [Die kluge Bauerntochter, siehe No. 875].",The shepherd boy answers the king's questions in place of the priest,II. Eigentliche Märchen,C. Novellenartige Märchen,,920–929,Der kluge Knabe (Mädchen),97,"152, Gg No",40
923,923,923,,Wie das Salz,"die jüngste der drei Töchter des Königs erklärt, ihren Vater zu lieben wie das Salz; der gekränkte Vater verstösst sie u. s. w. (Grimm No. 179).",Like salt,II. Eigentliche Märchen,C. Novellenartige Märchen,,920–929,Der kluge Knabe (Mädchen),,179,40
930,930,930,,Die Weissagung,der arme Knabe und der reiche Mann; der Knabe wird der Pflegesohn des Müllers; Briefwechsel; zuletzt der Weissagung entsprechend Schwiegersohn des reichen Mannes (vgl. No. 461) (Gg No. 71).,The prophecy,II. Eigentliche Märchen,C. Novellenartige Märchen,,930–949,Schicksalsmärchen,71,,40
931,931,931,,Ödipus,"der Jüngling tötet, wie prophezeit war, seinen Vater und heiratet seine Mutter.",Oedipus,II. Eigentliche Märchen,C. Novellenartige Märchen,,930–949,Schicksalsmärchen,,,40
935,935,935,,,Der jüngste von drei Brüdern ein Verschwender; tritt im Auslande in Militärdienst; schwindelt seinem Vater mehrere Geldsendungen ab; macht sein Glück und heiratet die Tochter des Königs; Besuch im Elternhause etc. (Gg No. 118).,,II. Eigentliche Märchen,C. Novellenartige Märchen,,930–949,Schicksalsmärchen,118,,40
940,940,940,,,"Das hochmütige Mädchen lockt drei Freier, ohne dass diese von einander wissen, auf den Kirchhof; sie rächen sich, indem sie dem Mädchen den Schinder als angeblichen Sohn des Gouverneurs zum Bräutigam verschaffen.",,II. Eigentliche Märchen,C. Novellenartige Märchen,,930–949,Schicksalsmärchen,,,40
945,945,945,,Glück und Verstand,"streiten, wer von ihnen mehr vermag; Probe, der Bauer, in dessen Kopf sich der Verstand einnistet, kommt auf die Richtstätte; das Glück rettet ihn (Gg No. 130).",Luck and intelligence,II. Eigentliche Märchen,C. Novellenartige Märchen,,930–949,Schicksalsmärchen,130,,40
950,950,950,,Rampsinit,der Diebstahl in der Schatzkammer (Bank); der Kopf des einen Diebes abgehauen; der andere Dieb (Bruder) vergebens gesucht; das Wehklagen der Angehörigen verrät den Dieb u. s. w. (Gg No. 80).,Rhampsinitus,II. Eigentliche Märchen,C. Novellenartige Märchen,,950–974,Von Räubern und Dieben,80,,40
951 A,951,951,A,Der König und der Räuber,der Bankdiebstahl; der Räuber tadelt die Habgier des Königs (Gg No. 80).,The king and the robber,II. Eigentliche Märchen,C. Novellenartige Märchen,,950–974,Von Räubern und Dieben,80,,41
951 B,951,951,B,,Der Bankdiebstahl; Klettern mit eisernen Nägeln; der Mordanschlag wird entdeckt.,,II. Eigentliche Märchen,C. Novellenartige Märchen,,950–974,Von Räubern und Dieben,,,41
952,952,952,,Der König und der Soldat,"ein Soldat macht sich auf, um sich beim König über seinen Vorgesetzten zu beschweren; ist zusammen mit dem König (den er nicht kennt) im Hause der Räuber; der Soldat tötet die Räuber (oder macht sie unschädlich) (Grimm No. 199, Gg No. 98).",The king and the soldier,II. Eigentliche Märchen,C. Novellenartige Märchen,,950–974,Von Räubern und Dieben,98,"199, Gg No",41
955,955,955,,Der Räuberbräutigam,"das Mädchen in der Räuberhöhle; unter dem Bett versteckt sieht sie, wie ein anderes Mädchen ermordet wird; der abgeschnittene Finger dient ihr als Beweisstück (Grimm No. 40, Gg No. 73).",The robber bridegroom,II. Eigentliche Märchen,C. Novellenartige Märchen,,950–974,Von Räubern und Dieben,73,"40, Gg No",41
956,956,956,,Der Mann bei den Räubern,"wird in ein heisses Gemach gesperrt, wo viele Leichen hängen; wie die Räuber kommen, schlägt er einem nach dem andern den Kopf ein und nimmt ihre Schätze.",The man among the robbers,II. Eigentliche Märchen,C. Novellenartige Märchen,,950–974,Von Räubern und Dieben,,,41
957,957,957,,Der Bär verjagt die Räuber,der Bärentreiber mit seinem Bären über Nacht in der Scheune; die Räuber dringen ins Haus (vgl. No. 1161).,The bear drives away the robbers,II. Eigentliche Märchen,C. Novellenartige Märchen,,950–974,Von Räubern und Dieben,,,41
960,960,960,,Die Sonne bringt es an den Tag,"der Mörder wiederholt beim Anblick der Sonnenstrahlen die letzten Worte des Ermordeten, dadurch kommt das Verbrechen an den Tag (Grimm No. 115).",The sun brings it to light,II. Eigentliche Märchen,C. Novellenartige Märchen,,950–974,Von Räubern und Dieben,,115,41
1000,1000,1000,,Nicht zornig werden,". align=""right"" valign=""top"" |",Not to grow angry,II. Eigentliche Märchen,D. Märchen vom dummen Teufel (Riesen),,1000–1029,"Dienstkontrakt: Keiner darf zornig werden; der Knecht fügt dem Teufel (Riesen, auch Bauer u. s. w.) mannigfachen Schaden zu (Gg No. 55)",,,41
1001,1001,1001,,Holz hacken,Katze (Schlange) unter dem Holzhaufen; Axt dringt erst nach Beiseitigung der Katze ins Holz ein.,Chopping wood,II. Eigentliche Märchen,D. Märchen vom dummen Teufel (Riesen),,1000–1029,"Dienstkontrakt: Keiner darf zornig werden; der Knecht fügt dem Teufel (Riesen, auch Bauer u. s. w.) mannigfachen Schaden zu (Gg No. 55)",,,42
1002,1002,1002,,Schädigung der Habe,"des Teufels durch Verkauf, ungünstigen Tausch oder Verschenken.",Wasting the property,II. Eigentliche Märchen,D. Märchen vom dummen Teufel (Riesen),,1000–1029,"Dienstkontrakt: Keiner darf zornig werden; der Knecht fügt dem Teufel (Riesen, auch Bauer u. s. w.) mannigfachen Schaden zu (Gg No. 55)",,,42
1003,1003,1003,,Pflügen,dem Hunde nach; Zugtiere und Pflug (Fuhrwerk) zerstückelt.,Plowing,II. Eigentliche Märchen,D. Märchen vom dummen Teufel (Riesen),,1000–1029,"Dienstkontrakt: Keiner darf zornig werden; der Knecht fügt dem Teufel (Riesen, auch Bauer u. s. w.) mannigfachen Schaden zu (Gg No. 55)",,,42
1004,1004,1004,,"Schweine in den Sumpf, Schafe in die Luft","das Vieh weggetrieben, die Schwänze der Schweine in den Sumpf, Leithammel auf Baum.","Pigs into the swamp, sheep into the air",II. Eigentliche Märchen,D. Märchen vom dummen Teufel (Riesen),,1000–1029,"Dienstkontrakt: Keiner darf zornig werden; der Knecht fügt dem Teufel (Riesen, auch Bauer u. s. w.) mannigfachen Schaden zu (Gg No. 55)",,,42
1005,1005,1005,,Brückenbau,oder Wegbau mit den Körpern des geschlachteten Viehes.,Building a bridge,II. Eigentliche Märchen,D. Märchen vom dummen Teufel (Riesen),,1000–1029,"Dienstkontrakt: Keiner darf zornig werden; der Knecht fügt dem Teufel (Riesen, auch Bauer u. s. w.) mannigfachen Schaden zu (Gg No. 55)",,,42
1006,1006,1006,,Augenwerfen,(vgl. No. 1685).,Casting eyes,II. Eigentliche Märchen,D. Märchen vom dummen Teufel (Riesen),,1000–1029,"Dienstkontrakt: Keiner darf zornig werden; der Knecht fügt dem Teufel (Riesen, auch Bauer u. s. w.) mannigfachen Schaden zu (Gg No. 55)",,,42
1007,1007,1007,,,Anderweitige Tötung oder Schädigung des Viehes.,,II. Eigentliche Märchen,D. Märchen vom dummen Teufel (Riesen),,1000–1029,"Dienstkontrakt: Keiner darf zornig werden; der Knecht fügt dem Teufel (Riesen, auch Bauer u. s. w.) mannigfachen Schaden zu (Gg No. 55)",,,42
1008,1008,1008,,Wegbeleuchtung oder Rotanstreichen des Hauses,Haus angezündet.,"Lighting the road, or painting the house red",II. Eigentliche Märchen,D. Märchen vom dummen Teufel (Riesen),,1000–1029,"Dienstkontrakt: Keiner darf zornig werden; der Knecht fügt dem Teufel (Riesen, auch Bauer u. s. w.) mannigfachen Schaden zu (Gg No. 55)",,,42
1009,1009,1009,,Tür der Vorratskammer bewachen,ausgehoben und mitgenommen (vgl. No. 1653 A).,Guarding the storeroom door,II. Eigentliche Märchen,D. Märchen vom dummen Teufel (Riesen),,1000–1029,"Dienstkontrakt: Keiner darf zornig werden; der Knecht fügt dem Teufel (Riesen, auch Bauer u. s. w.) mannigfachen Schaden zu (Gg No. 55)",,,42
1010,1010,1010,,Schädigung des Hauses oder Hausgerätes,unter Vorwand der Reparation oder dergl.,Damaging the house or the household gear,II. Eigentliche Märchen,D. Märchen vom dummen Teufel (Riesen),,1000–1029,"Dienstkontrakt: Keiner darf zornig werden; der Knecht fügt dem Teufel (Riesen, auch Bauer u. s. w.) mannigfachen Schaden zu (Gg No. 55)",,,42
1011,1011,1011,,Verwüstung des Obst- oder Weingartens,.,Laying waste the orchard or vineyard,II. Eigentliche Märchen,D. Märchen vom dummen Teufel (Riesen),,1000–1029,"Dienstkontrakt: Keiner darf zornig werden; der Knecht fügt dem Teufel (Riesen, auch Bauer u. s. w.) mannigfachen Schaden zu (Gg No. 55)",,,42
1012,1012,1012,,Reinigung des Kindes,Eingeweide herausgenommen und gereinigt.,Cleaning the child,II. Eigentliche Märchen,D. Märchen vom dummen Teufel (Riesen),,1000–1029,"Dienstkontrakt: Keiner darf zornig werden; der Knecht fügt dem Teufel (Riesen, auch Bauer u. s. w.) mannigfachen Schaden zu (Gg No. 55)",,,42
1013,1013,1013,,Grossmutter baden oder warm halten,in kochendes Wasser oder Ofen. [Beide? siehe No. 1563].,Bathing or warming grandmother,II. Eigentliche Märchen,D. Märchen vom dummen Teufel (Riesen),,1000–1029,"Dienstkontrakt: Keiner darf zornig werden; der Knecht fügt dem Teufel (Riesen, auch Bauer u. s. w.) mannigfachen Schaden zu (Gg No. 55)",,,42
1029,1029,1029,,Frau als Kuckuck auf Baum,erschossen.,The woman as cuckoo in the tree,II. Eigentliche Märchen,D. Märchen vom dummen Teufel (Riesen),,1000–1029,"Dienstkontrakt: Keiner darf zornig werden; der Knecht fügt dem Teufel (Riesen, auch Bauer u. s. w.) mannigfachen Schaden zu (Gg No. 55)",,,42
1030,1030,1030,,Ernteteilung,"Mensch (Fuchs) und Teufel (Bär); Teufel wählt von den Wurzelfrüchten den oberen, von den Halm- oder Hülsenfrüchten den unteren Teil.",The crop division,II. Eigentliche Märchen,D. Märchen vom dummen Teufel (Riesen),,1030–1059,Gemeinsame Arbeit des Menschen und Teufels (Gg No. 54),,,42
1031,1031,1031,,Scheunenbalken als Dreschflegel,.,The barn beam as flail,II. Eigentliche Märchen,D. Märchen vom dummen Teufel (Riesen),,1030–1059,Gemeinsame Arbeit des Menschen und Teufels (Gg No. 54),,,42
1035,1035,1035,,Mist ausräumen,.,Clearing out the dung,II. Eigentliche Märchen,D. Märchen vom dummen Teufel (Riesen),,1030–1059,Gemeinsame Arbeit des Menschen und Teufels (Gg No. 54),,,42
1036,1036,1036,,Schweine mit Ringelschwanz,"sollen dem Menschen gehören, die anderen dem Teufel. align=""right"" valign=""top"" |",Pigs with curly tails,II. Eigentliche Märchen,D. Märchen vom dummen Teufel (Riesen),,1030–1059,Gemeinsame Arbeit des Menschen und Teufels (Gg No. 54),,,42
1037,1037,1037,,Teufel schert Ferkel,statt Schaf.,The devil shears the piglets,II. Eigentliche Märchen,D. Märchen vom dummen Teufel (Riesen),,1030–1059,Gemeinsame Arbeit des Menschen und Teufels (Gg No. 54),,,43
1045,1045,1045,,Zusammenziehen des Sees,mit Stricken.,Pulling the lake together,II. Eigentliche Märchen,D. Märchen vom dummen Teufel (Riesen),,1030–1059,Gemeinsame Arbeit des Menschen und Teufels (Gg No. 54),,,43
1046,1046,1046,,"Drohung, das Magazin wegzutragen",zu diesem Zwecke ein grosser Strick geflochten.,The threat to carry off the storehouse,II. Eigentliche Märchen,D. Märchen vom dummen Teufel (Riesen),,1030–1059,Gemeinsame Arbeit des Menschen und Teufels (Gg No. 54),,,43
1048,1048,1048,,Waldkauf,weder gerade noch krumme Bäume.,Buying wood,II. Eigentliche Märchen,D. Märchen vom dummen Teufel (Riesen),,1030–1059,Gemeinsame Arbeit des Menschen und Teufels (Gg No. 54),,,43
1049,1049,1049,,Schwere Axt,ganzen Wald; schwere Eimer: ganzen Brunnen.,The heavy axe,II. Eigentliche Märchen,D. Märchen vom dummen Teufel (Riesen),,1030–1059,Gemeinsame Arbeit des Menschen und Teufels (Gg No. 54),,,43
1050,1050,1050,,Baum fällen,.,Felling the tree,II. Eigentliche Märchen,D. Märchen vom dummen Teufel (Riesen),,1030–1059,Gemeinsame Arbeit des Menschen und Teufels (Gg No. 54),,,43
1051,1051,1051,,Baum umgebogen,Luftsprung (Grimm No. 20).,The bent tree,II. Eigentliche Märchen,D. Märchen vom dummen Teufel (Riesen),,1030–1059,Gemeinsame Arbeit des Menschen und Teufels (Gg No. 54),,20,43
1052,1052,1052,,Baum tragen,(auch Fuchs und Bär) (Grimm No. 20).,Carrying the tree,II. Eigentliche Märchen,D. Märchen vom dummen Teufel (Riesen),,1030–1059,Gemeinsame Arbeit des Menschen und Teufels (Gg No. 54),,20,43
1060,1060,1060,,Zerdrücken eines (vermeintlichen) Steines,"Rübe, Käse, Ei u. a. (Grimm No. 20).",Squeezing the (supposed) stone,II. Eigentliche Märchen,D. Märchen vom dummen Teufel (Riesen),,1060–1114,Wettstreit zwischen Mensch und Teufel (Gg No. 54),,20,43
1061,1061,1061,,Zerbeissen von Steinen,"einerseits, Erbsen, Nüssen etc. andererseits.",Biting stones,II. Eigentliche Märchen,D. Märchen vom dummen Teufel (Riesen),,1060–1114,Wettstreit zwischen Mensch und Teufel (Gg No. 54),,,43
1062,1062,1062,,Steinwerfen,Vogel (Grimm No. 20).,Throwing stones,II. Eigentliche Märchen,D. Märchen vom dummen Teufel (Riesen),,1060–1114,Wettstreit zwischen Mensch und Teufel (Gg No. 54),,20,43
1063,1063,1063,,Wettwerfen mit goldener Keule,auf Wolke.,The throwing contest with the golden club,II. Eigentliche Märchen,D. Märchen vom dummen Teufel (Riesen),,1060–1114,Wettstreit zwischen Mensch und Teufel (Gg No. 54),,,43
1070,1070,1070,,Ringkampf,"Späht, wohin er ihn werfen soll.",The wrestling match,II. Eigentliche Märchen,D. Märchen vom dummen Teufel (Riesen),,1060–1114,Wettstreit zwischen Mensch und Teufel (Gg No. 54),,,43
1071,1071,1071,,Ringkampf,Bär.,The wrestling match,II. Eigentliche Märchen,D. Märchen vom dummen Teufel (Riesen),,1060–1114,Wettstreit zwischen Mensch und Teufel (Gg No. 54),,,43
1072,1072,1072,,Wettlauf,Hase.,The race,II. Eigentliche Märchen,D. Märchen vom dummen Teufel (Riesen),,1060–1114,Wettstreit zwischen Mensch und Teufel (Gg No. 54),,,43
1073,1073,1073,,Wettklettern,Eichhorn.,The climbing contest,II. Eigentliche Märchen,D. Märchen vom dummen Teufel (Riesen),,1060–1114,Wettstreit zwischen Mensch und Teufel (Gg No. 54),,,43
1074,1074,1074,,Wettlauf,Zweiter Mensch am Ziele.,The race,II. Eigentliche Märchen,D. Märchen vom dummen Teufel (Riesen),,1060–1114,Wettstreit zwischen Mensch und Teufel (Gg No. 54),,,43
1080,1080,1080,,Wettlachen,tote Stute mit grinsendem Maul.,The laughing contest,II. Eigentliche Märchen,D. Märchen vom dummen Teufel (Riesen),,1060–1114,Wettstreit zwischen Mensch und Teufel (Gg No. 54),,,43
1081,1081,1081,,,"Wettkämpfe, bei denen andere Tiere als die erwähnten (Bär, Hase, Stute) den Menschen ersetzen.",,II. Eigentliche Märchen,D. Märchen vom dummen Teufel (Riesen),,1060–1114,Wettstreit zwischen Mensch und Teufel (Gg No. 54),,,43
1082,1082,1082,,Tragen des Pferdes,reitend.,Carrying the horse,II. Eigentliche Märchen,D. Märchen vom dummen Teufel (Riesen),,1060–1114,Wettstreit zwischen Mensch und Teufel (Gg No. 54),,,43
1083,1083,1083,,Zweikampf mit langer Stange,oder Knüttel.,The duel with long poles,II. Eigentliche Märchen,D. Märchen vom dummen Teufel (Riesen),,1060–1114,Wettstreit zwischen Mensch und Teufel (Gg No. 54),,,43
1084,1084,1084,,Wettschreien oder -pfeifen,.,The shouting or whistling contest,II. Eigentliche Märchen,D. Märchen vom dummen Teufel (Riesen),,1060–1114,Wettstreit zwischen Mensch und Teufel (Gg No. 54),,,43
1085,1085,1085,,Loch in Baum stossen,.,Pushing a hole into the tree,II. Eigentliche Märchen,D. Märchen vom dummen Teufel (Riesen),,1060–1114,Wettstreit zwischen Mensch und Teufel (Gg No. 54),,,43
1086,1086,1086,,In den Erdboden hineinspringen,.,Jumping into the ground,II. Eigentliche Märchen,D. Märchen vom dummen Teufel (Riesen),,1060–1114,Wettstreit zwischen Mensch und Teufel (Gg No. 54),,,43
1087,1087,1087,,Wettrudern,Bot vorher durchgesägt.,The rowing contest,II. Eigentliche Märchen,D. Märchen vom dummen Teufel (Riesen),,1060–1114,Wettstreit zwischen Mensch und Teufel (Gg No. 54),,,43
1088,1088,1088,,Wettessen,Sack vor; Magen (Sack) aufgeschlitzt.,The eating contest,II. Eigentliche Märchen,D. Märchen vom dummen Teufel (Riesen),,1060–1114,Wettstreit zwischen Mensch und Teufel (Gg No. 54),,,43
1089,1089,1089,,Um die Wette dreschen,.,The threshing contest,II. Eigentliche Märchen,D. Märchen vom dummen Teufel (Riesen),,1060–1114,Wettstreit zwischen Mensch und Teufel (Gg No. 54),,,43
1090,1090,1090,,Um die Wette mähen,.,The mowing contest,II. Eigentliche Märchen,D. Märchen vom dummen Teufel (Riesen),,1060–1114,Wettstreit zwischen Mensch und Teufel (Gg No. 54),,,43
1091,1091,1091,,Wer ein sonderbareres Zugtier vorführt,". align=""right"" valign=""top"" |",Who can bring the stranger draft-animal,II. Eigentliche Märchen,D. Märchen vom dummen Teufel (Riesen),,1060–1114,Wettstreit zwischen Mensch und Teufel (Gg No. 54),,,43
1092,1092,1092,,Wer einen sonderbareren Vogel schiesst,,Who can shoot the stranger bird,II. Eigentliche Märchen,D. Märchen vom dummen Teufel (Riesen),,1060–1114,Wettstreit zwischen Mensch und Teufel (Gg No. 54),,,44
1093,1093,1093,,Wettkampf in Worten,Aussprüchen.,The contest in words,II. Eigentliche Märchen,D. Märchen vom dummen Teufel (Riesen),,1060–1114,Wettstreit zwischen Mensch und Teufel (Gg No. 54),,,44
1094,1094,1094,,Gegenseitiges Verfluchen,Pfeile als Flüche zugesandt.,Cursing one another,II. Eigentliche Märchen,D. Märchen vom dummen Teufel (Riesen),,1060–1114,Wettstreit zwischen Mensch und Teufel (Gg No. 54),,,44
1095,1095,1095,,Sich gegenseitig mit den Nägeln zerkratzen,.,Scratching one another with the nails,II. Eigentliche Märchen,D. Märchen vom dummen Teufel (Riesen),,1060–1114,Wettstreit zwischen Mensch und Teufel (Gg No. 54),,,44
1096,1096,1096,,Schneider und Teufel nähen um die Wette,.,The tailor and the devil in a sewing contest,II. Eigentliche Märchen,D. Märchen vom dummen Teufel (Riesen),,1060–1114,Wettstreit zwischen Mensch und Teufel (Gg No. 54),,,44
1097,1097,1097,,Eismühle,.,The ice mill,II. Eigentliche Märchen,D. Märchen vom dummen Teufel (Riesen),,1060–1114,Wettstreit zwischen Mensch und Teufel (Gg No. 54),,,44
1115,1115,1115,,Mordversuch mit dem Beile,"Butterfass oder dergl. auf Lager (Grimm No. 20, Gg 54, 55).",The attempted murder with the axe,II. Eigentliche Märchen,D. Märchen vom dummen Teufel (Riesen),,1115–1129,Tötungsversuche,,"20, Gg 54, 55",44
1116,1116,1116,,Verbrennungsversuch,.,The attempt at burning,II. Eigentliche Märchen,D. Märchen vom dummen Teufel (Riesen),,1115–1129,Tötungsversuche,,,44
1117,1117,1117,,Die Fallgrube des Teufels (Riesen),"er wird durch List dazu gebracht, selbst hineinzufallen.",The pitfall of the devil (giant),II. Eigentliche Märchen,D. Märchen vom dummen Teufel (Riesen),,1115–1129,Tötungsversuche,,,44
1118,1118,1118,,Die Aussetzung auf der Insel,der Mann versteckt sich in den Kleidern des Teufels.,Marooning on the island,II. Eigentliche Märchen,D. Märchen vom dummen Teufel (Riesen),,1115–1129,Tötungsversuche,,,44
1119,1119,1119,,Der Teufel tötet seine eigenen Kinder,Wechsel der Schlafstätte (Kopfbedeckungen) (vgl. No. 327 B).,The devil kills his own children,II. Eigentliche Märchen,D. Märchen vom dummen Teufel (Riesen),,1115–1129,Tötungsversuche,,,44
1120,1120,1120,,Frau irrtümlich ins Wasser geworfen,.,The wife thrown into the water by mistake,II. Eigentliche Märchen,D. Märchen vom dummen Teufel (Riesen),,1115–1129,Tötungsversuche,,,44
1121,1121,1121,,Frau in den Backofen geschoben,(vgl. No. 327 A).,The wife pushed into the oven,II. Eigentliche Märchen,D. Märchen vom dummen Teufel (Riesen),,1115–1129,Tötungsversuche,,,44
1122,1122,1122,,,Frau irrtümlich in sonstiger Weise getötet.,,II. Eigentliche Märchen,D. Märchen vom dummen Teufel (Riesen),,1115–1129,Tötungsversuche,,,44
1130,1130,1130,,Auszahlung des Lohnes,Loch im Hut und Hut über Grube.,Paying out the wages,II. Eigentliche Märchen,D. Märchen vom dummen Teufel (Riesen),,,,,,44
1131,1131,1131,,Die heisse Grütze in den Rachen des Teufels,.,The hot porridge in the devil's throat,II. Eigentliche Märchen,D. Märchen vom dummen Teufel (Riesen),,,,,,44
1132,1132,1132,,Flucht des Teufels vor dem Knechte,.,The devil's flight from the farmhand,II. Eigentliche Märchen,D. Märchen vom dummen Teufel (Riesen),,,,,,44
1133,1133,1133,,Stark machen,kastriert.,Making strong,II. Eigentliche Märchen,D. Märchen vom dummen Teufel (Riesen),,,,,,44
1134,1134,1134,,Heilen oder stark machen,verbrüht oder sonstig verletzt.,"Healing, or making strong",II. Eigentliche Märchen,D. Märchen vom dummen Teufel (Riesen),,,,,,44
1135,1135,1135,,Augengiessen,Selbstepisode.,Eye-pouring,II. Eigentliche Märchen,D. Märchen vom dummen Teufel (Riesen),,,,,,44
1136,1136,1136,,Selbstepisode bei sonstiger Verletzung,"des Teufels (Koboldes, Seenixe u. s. w.).",The self-episode at other injuries,II. Eigentliche Märchen,D. Märchen vom dummen Teufel (Riesen),,,,,,44
1137,1137,1137,,Riese geblendet (Potyphemsage),"Flucht unter dem Bauche des Widders. align=""right"" valign=""top"" |",The giant blinded (Polyphemus legend),II. Eigentliche Märchen,D. Märchen vom dummen Teufel (Riesen),,,,,,44
1138,1138,1138,,Bart vergolden,„Ein Solcher“.,Gilding the beard,II. Eigentliche Märchen,D. Märchen vom dummen Teufel (Riesen),,,,,,45
1139,1139,1139,,Teufel trägt den scheinbar Toten,.,The devil carries the sham-dead man,II. Eigentliche Märchen,D. Märchen vom dummen Teufel (Riesen),,,,,,45
1140,1140,1140,,Mit offenen Augen schlafen,"(Mensch behauptet, es zu tun).",Sleeping with open eyes,II. Eigentliche Märchen,D. Märchen vom dummen Teufel (Riesen),,,,,,45
1145,1145,1145,,"Der Teufel fürchtet sich vor dem, was knistert und raschelt",.,The devil is afraid of what crackles and rustles,II. Eigentliche Märchen,D. Märchen vom dummen Teufel (Riesen),,1145–1154,Teufel erschreckt oder eingeschüchtert,,,45
1146,1146,1146,,Mühlsteine,für die Perlen der Mutter erklärt u. dergl.,Millstones,II. Eigentliche Märchen,D. Märchen vom dummen Teufel (Riesen),,1145–1154,Teufel erschreckt oder eingeschüchtert,,,45
1147,1147,1147,,Donner für das Geräusch vom Wagen,des Bruders erklärt.,Thunder taken for the noise of a wagon,II. Eigentliche Märchen,D. Märchen vom dummen Teufel (Riesen),,1145–1154,Teufel erschreckt oder eingeschüchtert,,,45
1148,1148,1148,,Der Teufel und der Donner,(das Gewitter).,The devil and the thunder,II. Eigentliche Märchen,D. Märchen vom dummen Teufel (Riesen),,1145–1154,Teufel erschreckt oder eingeschüchtert,,,45
1149,1149,1149,,Kinder wollen Teufels Fleisch u. ähnl,.,"The children want the devil's flesh, and the like",II. Eigentliche Märchen,D. Märchen vom dummen Teufel (Riesen),,1145–1154,Teufel erschreckt oder eingeschüchtert,,,45
1150,1150,1150,,Hunde des hl. Georg,Wölfe.,The hounds of St. George,II. Eigentliche Märchen,D. Märchen vom dummen Teufel (Riesen),,1145–1154,Teufel erschreckt oder eingeschüchtert,,,45
1151,1151,1151,,Grosse Schuhe,vor der Scheune.,The big shoes,II. Eigentliche Märchen,D. Märchen vom dummen Teufel (Riesen),,1145–1154,Teufel erschreckt oder eingeschüchtert,,,45
1155,1155,1155,,Ein Scheffel Korn von jeder Garbe,.,A bushel of grain from every sheaf,II. Eigentliche Märchen,D. Märchen vom dummen Teufel (Riesen),,,,,,45
1156,1156,1156,,Teufel teert das Boot des Mannes,", um ihm zu schaden.",The devil tars the man's boat,II. Eigentliche Märchen,D. Märchen vom dummen Teufel (Riesen),,,,,,45
1157,1157,1157,,Flinte als Tabakspfeife,.,The gun as tobacco pipe,II. Eigentliche Märchen,D. Märchen vom dummen Teufel (Riesen),,,,,,45
1158,1158,1158,,Der Teufel soll durch den Büchsenlauf in die Schmiede,der Schmied schiesst.,The devil is to enter the smithy through the gun-barrel,II. Eigentliche Märchen,D. Märchen vom dummen Teufel (Riesen),,,,,,45
1159,1159,1159,,Teufel will spielen lernen,"Finger festgekeilt (vgl. No. 151, 326).",The devil wants to learn to play,II. Eigentliche Märchen,D. Märchen vom dummen Teufel (Riesen),,,,,,45
1160,1160,1160,,Teufel im Spukschloss,Bart festgeschraubt (vgl. No. 326).,The devil in the haunted castle,II. Eigentliche Märchen,D. Märchen vom dummen Teufel (Riesen),,,,,,45
1161,1161,1161,,Der Bärenführer und sein Bär,der Bär treibt den Teufel aus der Stube; „Lebt die grosse Katze noch?“ (vgl. No. 957).,The bear-trainer and his bear,II. Eigentliche Märchen,D. Märchen vom dummen Teufel (Riesen),,,,,,45
1162,1162,1162,,Der eiserne Mann und der Teufel,.,The iron man and the devil,II. Eigentliche Märchen,D. Märchen vom dummen Teufel (Riesen),,,,,,45
1163,1163,1163,,"Teufel lehrt den Schmied, beim Schmieden Sand zu verwenden",.,The devil teaches the smith to use sand in forging,II. Eigentliche Märchen,D. Märchen vom dummen Teufel (Riesen),,,,,,45
1164,1164,1164,,Böses Weib in der Grube,.,The evil woman in the pit,II. Eigentliche Märchen,D. Märchen vom dummen Teufel (Riesen),,,,,,45
1170,1170,1170,,Böses Weib im Glasschrank,als letzte Ware.,The evil woman in the glass case,II. Eigentliche Märchen,D. Märchen vom dummen Teufel (Riesen),,1170–1199,"Mensch verschreibt seine Seele dem Teufel; rettet sie durch List, meist indem er dem Teufel eine unmögliche Aufgabe stellt",,,46
1171,1171,1171,,In jede Schlinge einen Hasen,Schlinge auf hohen Baum.,A hare in every snare,II. Eigentliche Märchen,D. Märchen vom dummen Teufel (Riesen),,1170–1199,"Mensch verschreibt seine Seele dem Teufel; rettet sie durch List, meist indem er dem Teufel eine unmögliche Aufgabe stellt",,,46
1172,1172,1172,,Alle Steine,aus dem Bache oder vom Felde.,All the stones,II. Eigentliche Märchen,D. Märchen vom dummen Teufel (Riesen),,1170–1199,"Mensch verschreibt seine Seele dem Teufel; rettet sie durch List, meist indem er dem Teufel eine unmögliche Aufgabe stellt",,,46
1173,1173,1173,,Knoten aus Tropfen,verschütteten Branntweins.,Knots from drops,II. Eigentliche Märchen,D. Märchen vom dummen Teufel (Riesen),,1170–1199,"Mensch verschreibt seine Seele dem Teufel; rettet sie durch List, meist indem er dem Teufel eine unmögliche Aufgabe stellt",,,46
1174,1174,1174,,Strick aus Sand,.,A rope of sand,II. Eigentliche Märchen,D. Märchen vom dummen Teufel (Riesen),,1170–1199,"Mensch verschreibt seine Seele dem Teufel; rettet sie durch List, meist indem er dem Teufel eine unmögliche Aufgabe stellt",,,46
1175,1175,1175,,Krauses Har gerade ziehn,.,Straightening curly hair,II. Eigentliche Märchen,D. Märchen vom dummen Teufel (Riesen),,1170–1199,"Mensch verschreibt seine Seele dem Teufel; rettet sie durch List, meist indem er dem Teufel eine unmögliche Aufgabe stellt",,,46
1176,1176,1176,,Den Wind des Menschen fangen,oder einen Knoten daraus machen.,Catching a man's wind,II. Eigentliche Märchen,D. Märchen vom dummen Teufel (Riesen),,1170–1199,"Mensch verschreibt seine Seele dem Teufel; rettet sie durch List, meist indem er dem Teufel eine unmögliche Aufgabe stellt",,,46
1179,1179,1179,,Der Teufel auf dem Schiffe,soll das Wasser auspumpen.,The devil on the ship,II. Eigentliche Märchen,D. Märchen vom dummen Teufel (Riesen),,1170–1199,"Mensch verschreibt seine Seele dem Teufel; rettet sie durch List, meist indem er dem Teufel eine unmögliche Aufgabe stellt",,,46
1180,1180,1180,,Wasser im Sieb holen,der Teufel und die Magd.,Fetching water in a sieve,II. Eigentliche Märchen,D. Märchen vom dummen Teufel (Riesen),,1170–1199,"Mensch verschreibt seine Seele dem Teufel; rettet sie durch List, meist indem er dem Teufel eine unmögliche Aufgabe stellt",,,46
1181,1181,1181,,Stück vom Körper,Fingernagel.,A piece of the body,II. Eigentliche Märchen,D. Märchen vom dummen Teufel (Riesen),,1170–1199,"Mensch verschreibt seine Seele dem Teufel; rettet sie durch List, meist indem er dem Teufel eine unmögliche Aufgabe stellt",,,46
1182,1182,1182,,Gestrichener Scheffel,"Student dem Teufel verfallen, wenn er nicht in Jahresfrist ihm für übervollen Scheffel Geld wenigstens gestrichenen zurückgibt; streicht Scheffel sofort und gibt ihn zurück, behält nur Überschuss.",The leveled bushel,II. Eigentliche Märchen,D. Märchen vom dummen Teufel (Riesen),,1170–1199,"Mensch verschreibt seine Seele dem Teufel; rettet sie durch List, meist indem er dem Teufel eine unmögliche Aufgabe stellt",,,46
1199,1199,1199,,Vaterunser,"Mensch dem Teufel oder Tode verfallen, darf nur noch das letzte Vaterunser beten; Teufel muss darauf warten.",The Lord's Prayer,II. Eigentliche Märchen,D. Märchen vom dummen Teufel (Riesen),,1170–1199,"Mensch verschreibt seine Seele dem Teufel; rettet sie durch List, meist indem er dem Teufel eine unmögliche Aufgabe stellt",,,46
1200,1200,1200,,Das Salzsäen,.,Sowing salt,III. Schwänke,,Schildbürgerschwänke,,,,,46
1201,1201,1201,,Das Pflügen,"vier Mann tragen das Pferd (den Feldhüter), damit es das Feld nicht zerstampft.",The plowing,III. Schwänke,,Schildbürgerschwänke,,,,,46
1202,1202,1202,,Das Kornschneiden,"die Sichel unbekannt, wird ertränkt (vgl. No. 1650) (Grimm No. 70). align=""right"" valign=""top"" |",The grain harvesting,III. Schwänke,,Schildbürgerschwänke,,,,70,46
1203,1203,1203,,Die Sense schneidet einem den Kopf ab,allen wird der Kopf abgeschnitten.,The scythe cuts off a man's head,III. Schwänke,,Schildbürgerschwänke,,,,,47
1210,1210,1210,,"Die Kuh wird auf das Dach gebracht, um zu weiden",(vgl. No. 1408).,The cow is taken onto the roof to graze,III. Schwänke,,Schildbürgerschwänke,,,,,47
1211,1211,1211,,"Die Bäuerin glaubt, dass die wiederkäuende Kuh ihr nachäfft",tötet die Kuh.,The peasant woman thinks the cud-chewing cow is mocking her,III. Schwänke,,Schildbürgerschwänke,,,,,47
1212,1212,1212,,Das Pferd wird über das Eis hingeschleift,.,The horse is dragged across the ice,III. Schwänke,,Schildbürgerschwänke,,,,,47
1220,1220,1220,,Das Fischnetz wird auf der Heide ausgespannt,.,The fishing net is stretched out on the heath,III. Schwänke,,Schildbürgerschwänke,,,,,47
1225,1225,1225,,Der Mann ohne Kopf in der Bärenhöhle,"der Bär reisst dem Manne den Kopf ab; „der Bart bewegte sich, als er Bohnen ass“.",The man without a head in the bear's den,III. Schwänke,,Schildbürgerschwänke,,,,,47
1226,1226,1226,,Der Hasenfang,die Schlinge auf dem Scheunendach.,Catching the hare,III. Schwänke,,Schildbürgerschwänke,,,,,47
1227,1227,1227,,"Die eine Frau will das Eichhorn fangen, die andere holt den Kochtopf","jene fällt vom Baume herunter und stirbt, diese zerbricht den Topf.","One woman is to catch the squirrel, the other fetches the cooking pot",III. Schwänke,,Schildbürgerschwänke,,,,,47
1228,1228,1228,,Das Schiesssen mit der Flinte,einer sieht in die Mündung des Flintenlaufes hinein.,Shooting with the gun,III. Schwänke,,Schildbürgerschwänke,,,,,47
1240,1240,1240,,Der auf dem Aste sitzende hackt den Ast ab,.,The man sitting on the branch cuts it off,III. Schwänke,,Schildbürgerschwänke,,,,,47
1241,1241,1241,,Der Baum soll heruntergezogen werden,ein Mann steckt seinen Kopf in das Geäst.,The tree is to be pulled down,III. Schwänke,,Schildbürgerschwänke,,,,,47
1242,1242,1242,,Das Aufladen des Holzes,"„wenn das Pferd das eine Scheit tragen kann, kann es auch das zweite tragen“.",Loading the wood,III. Schwänke,,Schildbürgerschwänke,,,,,47
1243,1243,1243,,Das Holz wird den Berg hinuntergetragen,"dann wieder hinauf gebracht, um hinunterzurollen.",The wood is carried down the mountain,III. Schwänke,,Schildbürgerschwänke,,,,,47
1244,1244,1244,,Der Balken wird in die Länge gezogen,.,The beam is stretched,III. Schwänke,,Schildbürgerschwänke,,,,,47
1245,1245,1245,,Das Licht wird in Säcken in das fensterlose Haus getragen,das ganze Haus wird niedergerissen.,The light is carried into the windowless house in sacks,III. Schwänke,,Schildbürgerschwänke,,,,,47
1246,1246,1246,,Äxte weggeworfen,"der erste lässt seine Axt fallen, die anderen werfen ihre Äxte an dieselbe Stelle. align=""right"" valign=""top"" |",The axes thrown away,III. Schwänke,,Schildbürgerschwänke,,,,,47
1247,1247,1247,,Der Mann steckt den Kopf in das Loch des Mühlsteines,rollt in den See.,The man sticks his head into the hole of the millstone,III. Schwänke,,Schildbürgerschwänke,,,,,48
1260,1260,1260,,Das Grützekochen im Eisloche,"alle hintereinander springen hinein, um von der Grütze zu kosten.",Cooking porridge in the ice-hole,III. Schwänke,,Schildbürgerschwänke,,,,,48
1261,1261,1261,,Das Schlachten des Ochsen,schon Abends werden die Füsse abgehackt.,Slaughtering the ox,III. Schwänke,,Schildbürgerschwänke,,,,,48
1262,1262,1262,,Das Braten des Fleisches,"das Feuer ist am einen, das Fleisch am andern Ufer des Sees.",Roasting the meat,III. Schwänke,,Schildbürgerschwänke,,,,,48
1263,1263,1263,,Das Grützeessen in verschiedenen Zimmern,"die Grütze im einen, die Milch im anderen Zimmer.",Eating porridge in different rooms,III. Schwänke,,Schildbürgerschwänke,,,,,48
1270,1270,1270,,Die Verfertigung des Lichtes,es wird zum Trocknen in den Ofen gelegt.,Making the candle,III. Schwänke,,Schildbürgerschwänke,,,,,48
1275,1275,1275,,Die Schlitten werden nach der Wegrichtung gewendet,in der Nacht von einem Spassvogel umgedreht.,The sledges turned in the direction of the road,III. Schwänke,,Schildbürgerschwänke,,,,,48
1276,1276,1276,,"Das Rudern, ohne vorwärts zu kommen","das eine Weib rudert nach der einen, das andere nach der anderen Richtung; oder das Rudern im festgebundenen Bote.",Rowing without going forward,III. Schwänke,,Schildbürgerschwänke,,,,,48
1277,1277,1277,,Das Bot wird ermüdet,Wettrudern auf der Fahrt zur Kirche.,The boat is tired out,III. Schwänke,,Schildbürgerschwänke,,,,,48
1278,1278,1278,,Die Glocke (oder dergl.) fällt ins Meer,am Bote wird ein Zeichen gemacht.,The bell (or the like) falls into the sea,III. Schwänke,,Schildbürgerschwänke,,,,,48
1279,1279,1279,,Von der Nadel geschützt,bei Unwetter auf der See.,Protected by the needle,III. Schwänke,,Schildbürgerschwänke,,,,,48
1280,1280,1280,,Eine Nadel (u. a.) fällt auf das Eis,man sucht sie im folgenden Sommer.,A needle (and the like) falls onto the ice,III. Schwänke,,Schildbürgerschwänke,,,,,48
1281,1281,1281,,Das unbekannte Tier,"die Katze (Eule) wird gekauft; frisst viele Mäuse; um sie zu töten, steckt man das Haus in Brand (vgl. No. 1651) (Grimm No. 70, 174).",The unknown animal,III. Schwänke,,Schildbürgerschwänke,,,,"70, 174",48
1285,1285,1285,,Das Anziehen des Hemdes,"das Hemd ist oben zugenäht; man schlägt auf den Kopf des Anziehenden, um ein Loch in das Hemd zu bekommen.",Putting on the shirt,III. Schwänke,,Schildbürgerschwänke,,,,,48
1286,1286,1286,,Das Springen in die Hosen,". align=""right"" valign=""top"" |",Jumping into the breeches,III. Schwänke,,Schildbürgerschwänke,,,,,48
1287,1287,1287,,Die Schildbürger können ihre eigene Anzahl nicht ausrechnen,.,The Gothamites cannot count their own number,III. Schwänke,,Schildbürgerschwänke,,,,,49
1288,1288,1288,,Die Schildbürger finden ihre eigenen Beine nicht,ein Fremder hilft mit der Peitsche.,The Gothamites cannot find their own legs,III. Schwänke,,Schildbürgerschwänke,,,,,49
1289,1289,1289,,Jeder will in der Mitte schlafen,.,Each wants to sleep in the middle,III. Schwänke,,Schildbürgerschwänke,,,,,49
1290,1290,1290,,Das Schwimmen im Flachsfelde,.,Swimming in the flax field,III. Schwänke,,Schildbürgerschwänke,,,,,49
1291,1291,1291,,Der eine Käse soll den anderen zurückholen,"die Frau beschmiert die Fahrgleise des Weges mit Butter; ein Käse entfällt ihr und rollt den Abhang hinunter, sie wirft den anderen nach, damit er den ersten zurückhole (Grimm No. 59).",One cheese is to fetch the other back,III. Schwänke,,Schildbürgerschwänke,,,,59,49
1310,1310,1310,,Der Krebs als Schneider,soll ertränkt werden.,The crayfish as tailor,III. Schwänke,,Schildbürgerschwänke,,,,,49
1311,1311,1311,,Der Wolf wird für ein Füllen gehalten,hat das Pferd gefressen.,The wolf taken for a foal,III. Schwänke,,Schildbürgerschwänke,,,,,49
1312,1312,1312,,Der Bär wird für einen Hund gehalten,.,The bear taken for a dog,III. Schwänke,,Schildbürgerschwänke,,,,,49
1313,1313,1313,,"Der Mann, der sich selbst für tot hält",lässt die Leiche Brot essen.,The man who thinks himself dead,III. Schwänke,,Schildbürgerschwänke,,,,,49
1314,1314,1314,,Das Butterfass wird für den Tod gehalten,sie schlagen es entzwei.,The butter-churn taken for Death,III. Schwänke,,Schildbürgerschwänke,,,,,49
1315,1315,1315,,Der grosse Baum wird für eine Schlange gehalten,mit Flinten und Spiessen getötet.,The big tree taken for a snake,III. Schwänke,,Schildbürgerschwänke,,,,,49
1320,1320,1320,,Der Atemhauch in der Kälte wird für Tabakrauch gehalten,.,Breath in the cold taken for tobacco smoke,III. Schwänke,,Schildbürgerschwänke,,,,,49
1330,1330,1330,,Das Löschen des brennenden Botes,"die Leute rudern ans Land und holen Wasser aus einer Quelle, um zu löschen.",Putting out the burning boat,III. Schwänke,,Schildbürgerschwänke,,,,,49
1350,1350,1350,,Die liebevolle Gattin,"der Mann stellt sich tot; die Frau ist gleich bereit, den Überbringer der Nachricht zum Manne zu nehmen (Gg No. 102).",The loving wife,III. Schwänke,,Schwänke von Eheparen,,,102,,49
1351,1351,1351,,Wer zuerst spricht?,"Mann und Frau wetten; der Schuster bringt Schuhe, fasst die Frau bei der Hand; der Mann wird eifersüchtig und schilt; hat die Wette verloren. align=""right"" valign=""top"" |",Who speaks first?,III. Schwänke,,Schwänke von Eheparen,,,,,49
1360,1360,1360,,Der Mann im Dachgebälk versteckt (vgl. No. 1776),,The man hidden in the roof-beams,III. Schwänke,,Schwänke von Eheparen,,,,,50
1360 A,1360,1360,A,,Flucht des Mannes aus seinem Hause.,,III. Schwänke,,Schwänke von Eheparen,,,,,50
1360 B,1360,1360,B,,"Flucht der Frau und des Liebhabers aus der Scheune; der Mann kommt in dasselbe Haus; Gastmahl, bei dem die Begebenheit als Märchen erzählt wird.",,III. Schwänke,,Schwänke von Eheparen,,,,,50
1365,1365,1365,,Das widerspenstige Weib,,The obstinate wife,III. Schwänke,,Schwänke von Eheparen,,,,,50
1365 A,1365,1365,A,,Fällt in einen Fluss; der Mann sucht die Ertrunkene stromaufwärts.,,III. Schwänke,,Schwänke von Eheparen,,,,,50
1365 B,1365,1365,B,,Mit der Schere oder mit dem Messer geschnitten?; der Mann taucht die Frau ins Wasser; sie macht mit dem Finger die Bewegung des Schneidens mit der Schere.,,III. Schwänke,,Schwänke von Eheparen,,,,,50
1365 C,1365,1365,C,,Die Frau schimpft den Mann einen Lausekerl (Forts. ähnlich wie B).,,III. Schwänke,,Schwänke von Eheparen,,,,,50
1370,1370,1370,,Die faule Frau,"die Katze soll Schläge bekommen, weil sie nicht gearbeitet hat; die Frau muss sie dabei halten und wird von ihr zerkratzt.",The lazy wife,III. Schwänke,,Schwänke von Eheparen,,,,,50
1380,1380,1380,,Die treulose Gattin,"befragt Gott, wie sie ihres Mannes ledig werden kann; der Mann verkündet ihr aus dem Verstecke (Baum), dass sie ihren Mann blind machen könne, indem sie ihm Milchbrei zu essen gäbe; der Mann stellt sich blind und erschlägt die Liebhaber; die Leichen in den Fluss geworfen.",The faithless wife,III. Schwänke,,Schwänke von Eheparen,1380–1404,Die einfältige Frau und ihr Mann,,,50
1381,1381,1381,,Der gefundene Schatz und das geschwätzige Weib,der Auerhahn im Fischnetz und der Fisch in der Schlinge; die Frau unter der Badewanne (des angeblichen Krieges wegen); die Frau wird für verrückt gehalten und der Mann kann seinen Schatz behalten (Gg No. 106).,The found treasure and the talkative wife,III. Schwänke,,Schwänke von Eheparen,1380–1404,Die einfältige Frau und ihr Mann,106,,50
1382,1382,1382,,Die Bäuerin auf dem Markt,der Verkauf der Kuh; die Frau wird betrunken gemacht oder soll ein Pfand geben (vgl. No. 1385); kennt sich selbst nicht mehr (vgl. No. 1383); der Mann angelt auf der Strasse und ermittelt so den Käufer der Kuh (Gg No. 107).,The peasant woman at the market,III. Schwänke,,Schwänke von Eheparen,1380–1404,Die einfältige Frau und ihr Mann,107,,50
1383,1383,1383,,Die Frau kennt sich selbst nicht,"in Teer und Federn u. s. w.; der Hund erkennt sie nicht (vgl. No. 1382, 1681) (Grimm No. 34, 59, Gg No. 107). [„Was hätte ich sagen (tun) sollen?“, siehe No. 1696].",The woman does not know herself,III. Schwänke,,Schwänke von Eheparen,1380–1404,Die einfältige Frau und ihr Mann,107,"34, 59, Gg No",51
1384,1384,1384,,"Der Mann sucht drei Menschen, die ebenso dumm sind wie seine Frau","die kluge Else (vgl. No. 1450); das Pfand der einfältigen Frau (vgl. No. 1385) u. a.; der Mann findet drei ebenso dumme (der Schüler aus dem Paradiese, vgl. No. 1540) (Grimm No. 104).",The man seeks three people as stupid as his wife,III. Schwänke,,Schwänke von Eheparen,1380–1404,Die einfältige Frau und ihr Mann,,104,51
1385,1385,1385,,Das Pfand der einfältigen Frau,"die Frau verkauft Kühe; behält eine derselben als Pfand für die nicht gezahlte Kaufsumme (vgl. No.1382, 1384) (Grimm No. 104).",The foolish wife's pawn,III. Schwänke,,Schwänke von Eheparen,1380–1404,Die einfältige Frau und ihr Mann,,104,51
1386,1386,1386,,Das Fleisch als Zutat zum Kohl,"die Frau steckt Fleischstücke zu dem Kohl, der auf dem Felde wächst (Grimm No. 59, Anm., Gg 105).",Meat as garnish for the cabbage,III. Schwänke,,Schwänke von Eheparen,1380–1404,Die einfältige Frau und ihr Mann,,"59, Anm",51
1387,1387,1387,,Die Frau will Bier holen,"während sie den Hund verfolgt, läuft das Bier im Keller aus (vgl. No. 1408); sie streut Mehl darüber (Grimm No. 59, Gg No. 105). [Die Tür soll bewacht werden, siehe No. 1653 A].",The wife goes to fetch beer,III. Schwänke,,Schwänke von Eheparen,1380–1404,Die einfältige Frau und ihr Mann,105,"59, Gg No",51
1405,1405,1405,,Die faule Spinnerin,"die Frau ruft im Gebüsch versteckt ihrem Holz hackenden Manne zu: „wer Haspelholz haut, der stirbt, wer da haspelt, der verdirbt“; der Mann wird ängstlich, hält sie nicht mehr zum Haspeln an; beim Garnkochen legt sie Werg in den Kessel, macht dem Manne weis, dass durch seine Unachtsamkeit das Garn in Werg verwandelt worden sei; er spricht nun nicht mehr vom Spinnen (Grimm No. 128).",The lazy spinner,III. Schwänke,,Schwänke von Eheparen,1405–1429,Der einfältige Mann und seine Frau,,128,51
1406,1406,1406,,Die lustigen Frauen wetten,"welche am besten ihren Mann foppen kann; eine macht ihrem Manne weis, er sei gestorben u. s. w. (Gg No. 103).",The merry wives make a wager,III. Schwänke,,Schwänke von Eheparen,1405–1429,Der einfältige Mann und seine Frau,103,,51
1407,1407,1407,,Der Geizhals,"gibt seiner Frau zu wenig zu essen; versteckt sich, um sie zu überwachen, auf den Rat des Knechtes in den Schornstein, unter ein Polster u. s. w.; wird dabei übel zugerichtet (Gg No. 101).",The miser,III. Schwänke,,Schwänke von Eheparen,1405–1429,Der einfältige Mann und seine Frau,101,,52
1408,1408,1408,,Der Mann will die Arbeiten der Frau ausführen,macht alles verkehrt; lässt die Kuh auf dem Dache weiden (vgl. No. 1210); bindet sich selbst das Ende des Strickes um den Fuss; lässt das Bier auslaufen (vgl. No. 1387); im Schornstein (Gg No. 115).,The man who wants to do his wife's work,III. Schwänke,,Schwänke von Eheparen,1405–1429,Der einfältige Mann und seine Frau,115,,52
1415,1415,1415,,Hans im Glück,"der Mann tauscht sein Pferd gegen eine Kuh um, die Kuh gegen ein Schwein, dieses gegen eine Gans u. s. w., bis ihm zuletzt nichts mehr bleibt; gewinnt die Wette, da seine Frau nicht zornig wird (Grimm No. 83, Gg No. 104).",Hans in Luck,III. Schwänke,,Schwänke von Eheparen,1405–1429,Der einfältige Mann und seine Frau,104,"83, Gg No",52
1430,1430,1430,,Der Mann und die Frau malen sich ihr Glück aus,"wollen für ihren Honig eine Gans u. a. kaufen; der Schluss verschieden: geraten bei ihren Zukunftsplänen in Streit, prügeln den Sohn u. dergl. (Grimm No. 164, 168).",The man and his wife picture their fortune,III. Schwänke,,Schwänke von Eheparen,1430–1439,Das einfältige Ehepar,,"164, 168",52
1440,1440,1440,,,"Der Pächter hat seine Tochter gegen ihren Willen dem Gutsherrn versprochen; der Herr lässt „das, was ihm versprochen wurde“, abholen; die Tochter gibt das Pferd her, das in das Zimmer des Herrn geführt wird.",,III. Schwänke,,Schwänke mit einer Frau (Mädchen) als Hauptperson,,,,,52
1450,1450,1450,,Die kluge Else,"das Mädchen soll aus dem Keller Bier für den Bräutigam holen; versinkt in Gedanken, wie später ihr erstes Kind heissen solle; ebenso der Vater und die Mutter des Mädchens; der Bräutigam nimmt Reissaus (vgl. No. 1384, 1387) (Grimm No. 34, Gg No. 125).",Clever Else,III. Schwänke,,Schwänke mit einer Frau (Mädchen) als Hauptperson,1450–1474,Die Brautschau,125,"34, Gg No",52
1451,1451,1451,,Die Schlickerlinge,"das fleissige Mädchen verfertigt sich ein Kleid aus dem Flachs, den die faule Braut auf den Boden geworfen hat; der junge Mann wählt das fleissige Mädchen (Grimm No. 156).",The flax scraps,III. Schwänke,,Schwänke mit einer Frau (Mädchen) als Hauptperson,1450–1474,Die Brautschau,,156,53
1452,1452,1452,,Welche von drei Schwestern soll der Jüngling wählen,die den Käse am besten anschneidet (Grimm No. 155).,Which of three sisters shall the youth choose,III. Schwänke,,Schwänke mit einer Frau (Mädchen) als Hauptperson,1450–1474,Die Brautschau,,155,53
1453,1453,1453,,Die faule Braut,der Bräutigam versteckt den Schlüssel im Flachsüberzug; die Faulheit kommt dadurch an den Tag (Grimm No. 155 Anm.).,The lazy bride,III. Schwänke,,Schwänke mit einer Frau (Mädchen) als Hauptperson,1450–1474,Die Brautschau,,155 Anm,53
1454,1454,1454,,Die geizige Braut,der Bräutigam zu Besuch; die Grütze.,The greedy bride,III. Schwänke,,Schwänke mit einer Frau (Mädchen) als Hauptperson,1450–1474,Die Brautschau,,,53
1455,1455,1455,,Die hartherzige Braut,der Schwiegervater als Bettler verkleidet.,The hard-hearted bride,III. Schwänke,,Schwänke mit einer Frau (Mädchen) als Hauptperson,1450–1474,Die Brautschau,,,53
1456,1456,1456,,Die blinde Braut,das Suchen nach der Nadel; das Mädchen hält die Schüssel für eine Katze; die Blindheit wird so bemerkt.,The blind bride,III. Schwänke,,Schwänke mit einer Frau (Mädchen) als Hauptperson,1450–1474,Die Brautschau,,,53
1457,1457,1457,,Die lispelnden Mädchen,die Verlobten zu Besuch; der Sprachfehler tritt zu Tage.,The lisping maidens,III. Schwänke,,Schwänke mit einer Frau (Mädchen) als Hauptperson,1450–1474,Die Brautschau,,,53
1475,1475,1475,,,"In der Kirche wird eine Verordnung verlesen, wonach die jungen Leute nicht mehr Mädchen aus anderen Kirchspielen heiraten dürfen.",,III. Schwänke,,Schwänke mit einer Frau (Mädchen) als Hauptperson,1475–1499,Von alten Jungfern,,,53
1476,1476,1476,,,"Die alte Jungfer betet in der Kirche, sie möge einen Mann bekommen; der Rat des vermeintlichen Gottes (des Kirchendieners); sie soll sich den Fuss auf den Nacken heben.",,III. Schwänke,,Schwänke mit einer Frau (Mädchen) als Hauptperson,1475–1499,Von alten Jungfern,,,53
1477,1477,1477,,,"Der Wolf raubt die alte Jungfer, sie hält ihn für einen Bräutigam.",,III. Schwänke,,Schwänke mit einer Frau (Mädchen) als Hauptperson,1475–1499,Von alten Jungfern,,,53
1478,1478,1478,,,Das Essen von Bohnen; einer von den drei Zähnen bricht ab.,,III. Schwänke,,Schwänke mit einer Frau (Mädchen) als Hauptperson,1475–1499,Von alten Jungfern,,,53
1525,1525,1525,,Meisterdieb,,The master thief,III. Schwänke,,Schwänke mit einem Manne (Knaben) als Hauptperson,1525–1639,Der schlaue Mann,,,54
1525 A,1525,1525,A,,"Hund, Pferd, Bettuch oder Ring, zuletzt der Pfarrer (im Sack zum Himmel) (vgl. No. 1737) u. a. gestohlen (Grimm No. 192, Gg 110 A).",,III. Schwänke,,Schwänke mit einem Manne (Knaben) als Hauptperson,1525–1639,Der schlaue Mann,,"192, Gg 110 A",54
1525 B,1525,1525,B,,"Das Pferd (u. a.) gestohlen, der Mann stellt sich, als ob er zeigen wolle, wie man das Pferd stehlen kann; führt es dann wirklich weg.",,III. Schwänke,,Schwänke mit einem Manne (Knaben) als Hauptperson,1525–1639,Der schlaue Mann,,,54
1525 C,1525,1525,C,,Die Reisenden betrachten den an der Landstrasse Angelnden: die Gefährten des letzteren plündern die Frachtwagen.,,III. Schwänke,,Schwänke mit einem Manne (Knaben) als Hauptperson,1525–1639,Der schlaue Mann,,,54
1525 D,1525,1525,D,Der Mann betrügt die Diebe,"der Ochse (Bock) gestohlen (der M. lässt einen Schuh, dann den andern liegen); die Kleider gestohlen (er verleitet den Mann zum Baden); schlägt auf den von ihm getöteten Ochsen, ruft: „jene anderen taten es“; die Diebe flüchten mit Zurücklassung ihrer Schätze.",The man cheats the thieves,III. Schwänke,,Schwänke mit einem Manne (Knaben) als Hauptperson,1525–1639,Der schlaue Mann,,,54
1525 E,1525,1525,E,Die Diebe und ihr Schüler,sie bestehlen einander abwechselnd; der Schüler bleibt hierbei zuletzt Sieger (Gg No. 111).,The thieves and their pupil,III. Schwänke,,Schwänke mit einem Manne (Knaben) als Hauptperson,1525–1639,Der schlaue Mann,111,,54
1525 F,1525,1525,F,,"Der Junge stiehlt zwei Pfarrern ihre Pferde, den Frauen der Pfarrer das Geld; als Totengräber; im Sack in den Fluss (vgl. No. 1535) u. s. w.",,III. Schwänke,,Schwänke mit einem Manne (Knaben) als Hauptperson,1525–1639,Der schlaue Mann,,,54
1526,1526,1526,,Der alte Bettler und die Räuber,die Räuber stecken einen alten Bettler in feine Kleider; führen ihn vor das Haus des Krämers; lassen sich auf die Rechnung des feinen Herrn eine Menge von Waren geben; verschwinden mit den Waren und lassen den Alten zurück.,The old beggar and the robbers,III. Schwänke,,Schwänke mit einem Manne (Knaben) als Hauptperson,1525–1639,Der schlaue Mann,,,54
1527,1527,1527,,Die Räuber werden betrogen,der Knecht in Teer und Federn; lässt sich von seinem früheren Herrn in den Hof der Räuber fahren; sie entfliehen und lassen ihre Schätze zurück.,The robbers are deceived,III. Schwänke,,Schwänke mit einem Manne (Knaben) als Hauptperson,1525–1639,Der schlaue Mann,,,54
1535,1535,1535,,Der reiche und der arme Bauer,"der Reiche tötet das Pferd des Armen; die weissagende Pferdehaut verrät, wo eine Bäuerin die ihrem Liebhaber zugedachten Leckerbissen aufbewahrt hat; der Reiche schlägt sein Pferd, seine Frau tot; der Arme lockt einen Hirten statt seiner in den Sack, in dem er ertränkt werden soll; verleitet den Reichen dazu, sich ins Wasser zu stürzen (vgl. No. 1525 F) (Grimm No. 61, Gg No. 99, 112).",The rich and the poor peasant,III. Schwänke,,Schwänke mit einem Manne (Knaben) als Hauptperson,1525–1639,Der schlaue Mann,"99, 112","61, Gg No",54
1536,1536,1536,,Die Frau in der Kiste,"der Knecht steht im Verdacht, zu stehlen; ein Weib legt sich in die Kiste, um zu spionieren; der Knecht tötet sie; auf Bitten des reichen Mannes (Pfarrers) übernimmt er es, sie zu begraben; bringt die Leiche in den Kornspeicher, den Stall, in den Koffer des reisenden Kaufmanns; setzt sie auf ein Pferd (vgl. No. 1537) (Gg No. 110 B).",The woman in the chest,III. Schwänke,,Schwänke mit einem Manne (Knaben) als Hauptperson,1525–1639,Der schlaue Mann,110 B,,55
1537,1537,1537,,Die fünfmal getötete Leiche,"die Leiche auf dem Pferde, im Schlitten, im Bot u. s. w. (vgl. No. 1536).",The corpse killed five times,III. Schwänke,,Schwänke mit einem Manne (Knaben) als Hauptperson,1525–1639,Der schlaue Mann,,,55
1538,1538,1538,,,"Der Jüngling wird beim Verkauf seines Ochsen betrogen; rächt sich: als Baumeister und als Arzt beim Käufer, prügelt diesen durch; bringt es dahin, dass der Müller an seiner Stelle gehängt wird.",,III. Schwänke,,Schwänke mit einem Manne (Knaben) als Hauptperson,1525–1639,Der schlaue Mann,,,55
1539,1539,1539,,List und Leichtgläubigkeit,"die Kuh als Ziege verkauft; der Hut: „alles bezahlt“; der Stock, der Tote auferweckt; das Lehren von Sprachen oder der von selbst kochende Topf; das Geld hervorbringende Pferd; der Knabe lässt sich lebend begraben, sticht aus der Erde mit dem Messer (Gg No. 108).",Cunning and gullibility,III. Schwänke,,Schwänke mit einem Manne (Knaben) als Hauptperson,1525–1639,Der schlaue Mann,108,,55
1540,1540,1540,,Der Schüler aus dem Paradiese (Paris),"die Frau gibt für ihren verstorbenen Mann Geld, Kleider u. dergl. ins Paradies mit; das Pferd wird gestohlen (Grimm No. 104, Gg No. 107).",The student from Paradise (Paris),III. Schwänke,,Schwänke mit einem Manne (Knaben) als Hauptperson,1525–1639,Der schlaue Mann,107,"104, Gg No",55
1541,1541,1541,,Für den langen Winter,"das einfältige Mädchen gibt die Wurst dem Manne, der „der lange Winter“ zu sein behauptet (Gg No. 107).",For the long winter,III. Schwänke,,Schwänke mit einem Manne (Knaben) als Hauptperson,1525–1639,Der schlaue Mann,107,,55
1560,1560,1560,,"Scheinbar essen, scheinbar arbeiten","bei der Mahlzeit sagt der Bauer: „wir wollen nur so tun, als ob wir ässen“; bei der Arbeit dann der Knecht: „wir wollen nur so tun, als ob wir arbeiteten“.","Sham eating, sham working",III. Schwänke,,Schwänke mit einem Manne (Knaben) als Hauptperson,1525–1639,Der schlaue Mann,,,55
1561,1561,1561,,"Der Knecht isst hintereinander Frühstück, Mittag- und Abendessen",legt sich dann schlafen.,"The farmhand eats breakfast, dinner, and supper one after the other",III. Schwänke,,Schwänke mit einem Manne (Knaben) als Hauptperson,1525–1639,Der schlaue Mann,,,56
1562,1562,1562,,"„Bedenke dich dreimal, ehe du sprichst“",der Rock des Dienstherrn brennt.,"""Think three times before you speak""",III. Schwänke,,Schwänke mit einem Manne (Knaben) als Hauptperson,1525–1639,Der schlaue Mann,,,56
1563,1563,1563,,Beide,"? fragt der Knecht, der zwei Gegenstände holen soll; er vergewaltigt die beiden Töchter des Herrn (Teufels).","""Both""",III. Schwänke,,Schwänke mit einem Manne (Knaben) als Hauptperson,1525–1639,Der schlaue Mann,,,56
1585,1585,1585,,Patelin ruft Bäh,"der Mann verkauft seinen Ochsen an mehrere; stellt sich auf den Rat des Richters (Advokaten) vor Gericht blödsinnig; ebenso auch dem Richter (Advokaten) gegenüber, als dieser seine Bezahlung haben will.",Pathelin cries baa,III. Schwänke,,Schwänke mit einem Manne (Knaben) als Hauptperson,1525–1639,Der schlaue Mann,,,56
1586,1586,1586,,Der Mann vor Gericht wegen Tötung einer Fliege,tötet die Fliege auf der Nase des Richters.,The man in court for killing a fly,III. Schwänke,,Schwänke mit einem Manne (Knaben) als Hauptperson,1525–1639,Der schlaue Mann,,,56
1600,1600,1600,,Der Dummkopf als Mörder,die Brüder legen einen Ziegenbock an Stelle der Leiche und retten so ihren Bruder.,The fool as murderer,III. Schwänke,,Schwänke mit einem Manne (Knaben) als Hauptperson,1525–1639,Der schlaue Mann,,,56
1605,1605,1605,,Der Steuernbefreier,der Hengst; die Stute des Amtmanns.,The tax-reliever,III. Schwänke,,Schwänke mit einem Manne (Knaben) als Hauptperson,1525–1639,Der schlaue Mann,,,56
1610,1610,1610,,Geschenk und Schläge teilen,"der Knabe (Bauer) verspricht dem Soldaten, was der König ihm zu geben versprochen; der Soldat erhält für den Knaben die Prügel (Grimm No. 7).",Sharing the gift and the blows,III. Schwänke,,Schwänke mit einem Manne (Knaben) als Hauptperson,1525–1639,Der schlaue Mann,,7,56
1611,1611,1611,,Das Wettklettern auf den Mast,der Knabe fällt vom Mast und bleibt im Takelwerk hängen: „mach du es ebenso“.,The climbing contest up the mast,III. Schwänke,,Schwänke mit einem Manne (Knaben) als Hauptperson,1525–1639,Der schlaue Mann,,,56
1612,1612,1612,,Wettschwimmen,der Schwimmer schnallt sich einen Proviantsack auf den Rücken; sein Rivale tritt erschrocken zurück.,The swimming contest,III. Schwänke,,Schwänke mit einem Manne (Knaben) als Hauptperson,1525–1639,Der schlaue Mann,,,56
1613,1613,1613,,,„Die Spielkarten sind mein Kalender und Gebetbuch“.,,III. Schwänke,,Schwänke mit einem Manne (Knaben) als Hauptperson,1525–1639,Der schlaue Mann,,,56
1640,1640,1640,,Der tapfere Schneider,"sieben auf einen Schlag; schlägt die Feinde in die Flucht (den Strassenpfahl im Arm); tötet das Wildschwein u. a. Streiche (auch zu den Märchen vom dummen Teufel und dem schlauen Menschen gehörende Einzelheiten, vgl. II D) (Grimm No. 20, Gg No. 94).",The brave tailor,III. Schwänke,,Schwänke mit einem Manne (Knaben) als Hauptperson,1640–1674,Glück durch Zufall,94,"20, Gg No",57
1641,1641,1641,,Doktor Allwissend,"das gestohlene Pferd; das gestohlene Geld („da ist der eine“); die verdeckte Schlüssel („ach, ich armer Krebs“); (oft verbunden mit der Gesch. von der durchgesägten Kanzel, vgl. No. 1825 C) (Grimm No. 98, Gg No. 114).",Doctor Know-All,III. Schwänke,,Schwänke mit einem Manne (Knaben) als Hauptperson,1640–1674,Glück durch Zufall,114,"98, Gg No",57
1642,1642,1642,,Der gute Handel,der Dummkopf wirft das Geld den Fröschen hin; verkauft die Butter dem Strassenpfahl und das Fleisch dem Hunde u. s. w.; bringt die Königstochter zum Lachen (Grimm No. 7).,The good bargain,III. Schwänke,,Schwänke mit einem Manne (Knaben) als Hauptperson,1640–1674,Glück durch Zufall,,7,57
1650,1650,1650,,Die drei Glückskinder,"der älteste Bruder erbt einen Hahn, der mittlere eine Sense (vgl. No. 1202) und der jüngste eine Katze (vgl. No. 1651); sie kommen alle in Länder, in denen die Gegenstände und Tiere unbekannt sind; verkaufen sie teuer und werden reich (Grimm No. 70); – oder die Brüder erben einen Mühlstein (den der älteste Bruder unter die ihre Schätze zählenden Räuber fallen lässt, vgl. No. 1653), ein Musikinstrument (die Wölfe „des Königs“ sammeln sich in der Scheune, vgl. No. 1652), und eine Haspel (Drohung, den See zusammenzuziehen, vgl. No. 1045) oder dergl.",The three lucky children,III. Schwänke,,Schwänke mit einem Manne (Knaben) als Hauptperson,1640–1674,Glück durch Zufall,,70,57
1651,1651,1651,,Whittingtons Katze,"in einem Lande, wo man die Katzen nicht kennt, teuer verkauft (vgl. No. 1281, 1650).",Whittington's cat,III. Schwänke,,Schwänke mit einem Manne (Knaben) als Hauptperson,1640–1674,Glück durch Zufall,,,57
1652,1652,1652,,Die Wölfe in der Scheune,"der Jüngling spielt ihnen auf und bringt sie zum Tanzen; erhält viel Geld von dem Manne, der sie herausgelassen hat (vgl. No. 1650).",The wolves in the barn,III. Schwänke,,Schwänke mit einem Manne (Knaben) als Hauptperson,1640–1674,Glück durch Zufall,,,57
1653,1653,1653,,"Die Räuber unter dem Baume (vgl. No. 1650, 1875) (Grimm No. 59, Gg No. 105)","align=""right"" valign=""top"" |",The robbers under the tree,III. Schwänke,,Schwänke mit einem Manne (Knaben) als Hauptperson,1640–1674,Glück durch Zufall,105,"59, Gg No",57
1653 A,1653,1653,A,Die Tür soll bewacht werden (vgl. No. 1009),Mann und Frau auf dem Baume; sie lässt die Tür fallen; die Räuber fliehen erschreckt und lassen ihre Schätze<!--Schatze--> zurück.,The door is to be guarded,III. Schwänke,,Schwänke mit einem Manne (Knaben) als Hauptperson,1640–1674,Glück durch Zufall,,,58
1653 B,1653,1653,B,,Die Brüder auf dem Baume; der Dummkopf lässt die mitgenommene Tür (Leiche) fallen.,,III. Schwänke,,Schwänke mit einem Manne (Knaben) als Hauptperson,1640–1674,Glück durch Zufall,,,58
1675,1675,1675,,Der Ochse (Esel) als Bürgermeister,"der Bauer lässt seinen Ochsen studieren; glaubt, dass er Bürgermeister geworden ist; Besuch beim Bürgermeister.",The ox (ass) as burgomaster,III. Schwänke,,Schwänke mit einem Manne (Knaben) als Hauptperson,1675–1724,Der Dummkopf,,,58
1680,1680,1680,,"Der Mann, der eine Hebamme sucht","schlägt aus Versehen den Hund tot, ertränkt die Hebamme und tötet das Kind.",The man who sought a midwife,III. Schwänke,,Schwänke mit einem Manne (Knaben) als Hauptperson,1675–1724,Der Dummkopf,,,58
1681,1681,1681,,Das Missgeschick des Knaben,"tötet aus Versehen sein Pferd, wirft die Axt in den See; in Teer und Federn u. s. w. (vgl. No. 1383).",The boy's misfortunes,III. Schwänke,,Schwänke mit einem Manne (Knaben) als Hauptperson,1675–1724,Der Dummkopf,,,58
1685,1685,1685,,Der Dummkopf als Bräutigam,"Hund Petersilie in die Suppe; soll das Zimmer aufräumen (wirft den Ofen heraus); soll der Braut „gute Augen zuwerfen“ (wirft ihr Augen von Schafen und Ochsen auf den Teller, vgl. No. 1006); sie entflieht, der Ziegenbock statt der Braut im Bett.",The fool as bridegroom,III. Schwänke,,Schwänke mit einem Manne (Knaben) als Hauptperson,1675–1724,Der Dummkopf,,,58
1695,1695,1695,,"Der Narr verdirbt die Arbeit des Schusters, des Schneiders und des Schmiedes",.,"The fool spoils the work of the shoemaker, the tailor, and the smith",III. Schwänke,,Schwänke mit einem Manne (Knaben) als Hauptperson,1675–1724,Der Dummkopf,,,58
1696,1696,1696,,,"„Was hätte ich sagen (tun) sollen?“ die Mutter lehrt den Jungen (der Mann die Frau), was er bei der oder jener Gelegenheit sagen (tun) soll; er bringt stets die Aussprüche u. s. w. bei der unpassendsten Gelegenheit an und erhält überall Prügel (Grimm No. 143, Gg No. 109 A).",,III. Schwänke,,Schwänke mit einem Manne (Knaben) als Hauptperson,1675–1724,Der Dummkopf,109 A,"143, Gg No",58
1697,1697,1697,,"„Wir drei“, „ums Geld“","drei Wanderer in fremdem Lande kennen von der fremden Sprache nur drei Redensarten; geraten dadurch in den Verdacht, einen Menschen ermordet zu haben (vgl. No. 360) (Grimm No. 120).","""We three"", ""for the money""",III. Schwänke,,Schwänke mit einem Manne (Knaben) als Hauptperson,1675–1724,Der Dummkopf,,120,58
1725,1725,1725,,Der buhlerische Pfarrer im Schrank,"der schlaue Knecht, schickt sich an, den Schrank ins Wasser zu werfen; im Strohbündel; der Mann erhält statt des Pfarrers das Essen; der Mann eilt, ohne den Sachverhalt zu kennen, hinter dem Pfarrer her; die Frau gesteht ihre Untreue (Gg No. 99).",The lecherous parson in the cupboard,III. Schwänke,,Schwänke mit einem Manne (Knaben) als Hauptperson,1725–1824,Der Pfarrer wird betrogen,99,,59
1730,1730,1730,,"Der Pfarrer, der Küster und der Kirchendiener bei der schönen Frau","die drei Männer unbekleidet im Versteck, als der Gatte nach Hause kommt; die Frau ladet Gäste ein; die drei werden hinausgejagt.","The parson, the sexton, and the beadle with the beautiful woman",III. Schwänke,,Schwänke mit einem Manne (Knaben) als Hauptperson,1725–1824,Der Pfarrer wird betrogen,,,59
1731,1731,1731,,Der Junge und die schönen Schuhe,"er betrügt die Frau, die Tochter und die Magd des Pfarrers und schliesslich den ihm nachsetzenden Pfarrer selbst (Heilung des Grindes; den Zapfen des Weinfasses halten).",The boy and the beautiful shoes,III. Schwänke,,Schwänke mit einem Manne (Knaben) als Hauptperson,1725–1824,Der Pfarrer wird betrogen,,,59
1735,1735,1735,,"„Wer sein einziges Gut hingibt, erhält es zehnfältig wieder“","die vom Bauern dem Pfarrer geschenkte Kuh führt ihm die Kühe des Pfarrers zu; wer zuerst dem anderen guten Morgen sagt, soll die Kühe behalten.","""Who gives away his only good receives it back tenfold""",III. Schwänke,,Schwänke mit einem Manne (Knaben) als Hauptperson,1725–1824,Der Pfarrer wird betrogen,,,59
1736,1736,1736,,Der geizige Pfarrer,"die Knechte mähen den ganzen Tag nicht; „das Gras soll wieder aufstehn!“, „das Geld im Beutel soll sich in Wespen verwandeln!“ (Gg No. 100 A).",The stingy parson,III. Schwänke,,Schwänke mit einem Manne (Knaben) als Hauptperson,1725–1824,Der Pfarrer wird betrogen,100 A,,59
1737,1737,1737,,Der Pfarrer im Sack zum Himmel,"der Junge gibt vor, der Engel Gabriel zu sein (vgl. No. 1525 A).",The parson in the sack to heaven,III. Schwänke,,Schwänke mit einem Manne (Knaben) als Hauptperson,1725–1824,Der Pfarrer wird betrogen,,,59
1738,1738,1738,,Der Traum,alle Pfarrer in der Hölle.,The dream,III. Schwänke,,Schwänke mit einem Manne (Knaben) als Hauptperson,1725–1824,Der Pfarrer wird betrogen,,,59
1739,1739,1739,,Der Pfarrer und das Kalb,"der kranke Pfarrer; Vertauschung des zu untersuchenden Urines; der Pfarrer glaubt, mit einem Kalbe schwanger zu sein; das Kalb in der Badestube (Gg No. 113).",The parson and the calf,III. Schwänke,,Schwänke mit einem Manne (Knaben) als Hauptperson,1725–1824,Der Pfarrer wird betrogen,113,,59
1750,1750,1750,,Die dumme Frau des Pfarrers,"der Liebhaber der Frau übernimmt es auf ihren Wunsch, die Hühnereier auszubrüten; berichtet, dass die Küchlein singen: „der Bauer hat mit der Frau des Pfarrers geschlafen“; darf nun das Korn u. s. w. behalten.",The parson's stupid wife,III. Schwänke,,Schwänke mit einem Manne (Knaben) als Hauptperson,1725–1824,Der Pfarrer wird betrogen,,,59
1775,1775,1775,,Der hungrige Pfarrer,"auf dem Jagdausflug; Nachtquartier beim Bauer; der Pfarrer sucht Nachts nach Grütze, um seinen Hunger zu stillen (der Küster hat ihm das Ende eines Strickes zur Orientierung in die Hand gegeben) etc. (Gg No. 100 B).",The hungry parson,III. Schwänke,,Schwänke mit einem Manne (Knaben) als Hauptperson,1775–1824,Pfarrer und Küster,100 B,,60
1776,1776,1776,,Der Küster fällt in den Braukessel,"der Pfarrer pflegt unerlaubten Umgang mit der Magd; der Küster fällt aus seinem Versteck in den Braukessel; der Pfarrer und die Magd glauben, es wäre der Teufel und flüchten; das Bier bleibt dem Küster (vgl. No. 1360).",The sexton falls into the brewing vat,III. Schwänke,,Schwänke mit einem Manne (Knaben) als Hauptperson,1775–1824,Pfarrer und Küster,,,60
1785,1785,1785,,Der Pfarrer flucht bei der Predigt,,The parson curses during the sermon,III. Schwänke,,Schwänke mit einem Manne (Knaben) als Hauptperson,1775–1824,Pfarrer und Küster,,,60
1785 A,1785,1785,A,Der Hund des Küsters raubt die Wurst aus der Tasche des Pfarrers,.,The sexton's dog steals the sausage from the parson's pocket,III. Schwänke,,Schwänke mit einem Manne (Knaben) als Hauptperson,1775–1824,Pfarrer und Küster,,,60
1785 B,1785,1785,B,Der Küster steckt Nadeln in das Kanzelbrett,der Pfarrer schlägt mit der Hand darauf.,The sexton sticks needles into the pulpit board,III. Schwänke,,Schwänke mit einem Manne (Knaben) als Hauptperson,1775–1824,Pfarrer und Küster,,,60
1785 C,1785,1785,C,Das Wespennest des Küsters,.,The sexton's wasps' nest,III. Schwänke,,Schwänke mit einem Manne (Knaben) als Hauptperson,1775–1824,Pfarrer und Küster,,,60
1786,1786,1786,,Der Pfarrer in der Kirche auf dem Ochsen,"will zeigen, wie Christus in Jerusalem einritt; reitet auf einem Ochsen in der Kirche; der Küster sticht den Ochsen mit einer Nadel.",The parson in church on the ox,III. Schwänke,,Schwänke mit einem Manne (Knaben) als Hauptperson,1775–1824,Pfarrer und Küster,,,60
1790,1790,1790,,Der Küster und der Pfarrer stehlen eine Kuh,"da der Küster vor Gericht die ganze Geschichte als Traum erzählt, werden beide freigesprochen.",The sexton and the parson steal a cow,III. Schwänke,,Schwänke mit einem Manne (Knaben) als Hauptperson,1775–1824,Pfarrer und Küster,,,60
1791,1791,1791,,Der Küster trägt den Pfarrer,Diebe stehlen ein Schaf oder Rüben; der lahme Pfarrer lässt sich vom Küster hintragen; beide halten die Diebe für den Teufel und laufen davon (Grimm No. 59).,The sexton carries the parson,III. Schwänke,,Schwänke mit einem Manne (Knaben) als Hauptperson,1775–1824,Pfarrer und Küster,,59,60
1825,1825,1825,,Der Bauer als Pfarrer,,The peasant as parson,III. Schwänke,,Schwänke mit einem Manne (Knaben) als Hauptperson,1825–1874,Andere Schwänke vom Pfarrer,,,60
1825 A,1825,1825,A,,Der Pfarrer betrunken; Liebesverhältnis des Bischof und der Frau des Pfarrers; Predigt des Pfarrers; die Beschwerde der Gemeinde wird abgewiesen.,,III. Schwänke,,Schwänke mit einem Manne (Knaben) als Hauptperson,1825–1874,Andere Schwänke vom Pfarrer,,,60
1825 B,1825,1825,B,„Ich predige Gottes Wort“,"der Pfarrer wiederholt immer nur diesen Ausspruch, statt zu predigen; die Beschwerde der Gemeinde abgewiesen (Gg No. 114).","""I preach the word of God""",III. Schwänke,,Schwänke mit einem Manne (Knaben) als Hauptperson,1825–1874,Andere Schwänke vom Pfarrer,114,,61
1825 C,1825,1825,C,Die durchgesägte Kanzel,"der unwissende Pfarrer soll predigen; sägt vorher die Kanzel fast ganz ab; verkündet, dass ein Wunder geschehen soll, die Kanzel fällt herunter (vgl. No. 1641).",The sawn-through pulpit,III. Schwänke,,Schwänke mit einem Manne (Knaben) als Hauptperson,1825–1874,Andere Schwänke vom Pfarrer,,,61
1830,1830,1830,,"Der Pfarrer verspricht in seiner Probepredigt solches Wetter, wie die Gemeinde wünscht",die Gemeinde kann sich nicht einigen: „dann mögt ihr es haben wie früher“.,The parson promises in his trial sermon whatever weather the parish wishes,III. Schwänke,,Schwänke mit einem Manne (Knaben) als Hauptperson,1825–1874,Andere Schwänke vom Pfarrer,,,61
1831,1831,1831,,Pfarrer und Küster beim Messelesen,der Schaf- oder Pferdediebstahl.,Parson and sexton at mass,III. Schwänke,,Schwänke mit einem Manne (Knaben) als Hauptperson,1825–1874,Andere Schwänke vom Pfarrer,,,61
1832,1832,1832,,Die Predigt vom reichen Manne,der Pfarrer: „er fuhr zur Hölle“; der arme Bauer: „dann nahm er meinen Mantelsack mit“.,The sermon about the rich man,III. Schwänke,,Schwänke mit einem Manne (Knaben) als Hauptperson,1825–1874,Andere Schwänke vom Pfarrer,,,61
1833,1833,1833,,„Was sagt David?“,der Knecht: „bezahle deine alte Schuld“.,"""What says David?""",III. Schwänke,,Schwänke mit einem Manne (Knaben) als Hauptperson,1825–1874,Andere Schwänke vom Pfarrer,,,61
1837,1837,1837,,Der Pfarrer will in der Kirche eine Taube fliegen lassen,sie ist in seiner Tasche verendet.,The parson wants to let a dove fly in the church,III. Schwänke,,Schwänke mit einem Manne (Knaben) als Hauptperson,1825–1874,Andere Schwänke vom Pfarrer,,,61
1838,1838,1838,,Das Schwein in der Kirche,der Pfarrer rittlings auf dem Schweine.,The pig in the church,III. Schwänke,,Schwänke mit einem Manne (Knaben) als Hauptperson,1825–1874,Andere Schwänke vom Pfarrer,,,61
1840,1840,1840,,Bei der Einsegnung des Grabes kommt ein Ochse los,„jetzt holte ihn der Teufel“.,At the blessing of the grave an ox breaks loose,III. Schwänke,,Schwänke mit einem Manne (Knaben) als Hauptperson,1825–1874,Andere Schwänke vom Pfarrer,,,61
1845,1845,1845,,Der Schüler als Heilkünstler,"lässt um den Hals des kranken Kalbes einen Zettel hängen, auf dem geschrieben ist: „wenn es nicht leben bleibt, mag es sterben“; wird später als Pfarrer krank; man will ihn mit demselben Wundermittel gesund machen.",The student as healer,III. Schwänke,,Schwänke mit einem Manne (Knaben) als Hauptperson,1825–1874,Andere Schwänke vom Pfarrer,,,61
1875,1875,1875,,Der Knabe am Schwanze des Wolfes,"(er versteckt sich in der Mühle, verscheucht die Räuber von ihren Schätzen, vgl. 1653); wird in ein Fass gesteckt; hält sich durch ein Loch im Fasse am Schwanze des Wolfes fest (Gg No. 95).",The boy on the wolf's tail,III. Schwänke,,Lügenmärchen,,,95,,61
1876,1876,1876,,Die Gänse an der Schnur,der Habicht fliegt mit ihnen davon (Grimm No. 185).,The geese on the string,III. Schwänke,,Lügenmärchen,,,,185,62
1877,1877,1877,,Der Knabe im hohlen Baum,"der Holzhauer hackt in den Baum, lässt entsetzt sein Pferd im Stich.",The boy in the hollow tree,III. Schwänke,,Lügenmärchen,,,,,62
1880,1880,1880,,,"Der Knabe hat einen Hut aus Butter und Kleider aus Papier; wird aus einer Kanone geschossen u. s. w. [Der Fresssack, siehe No. 333].",,III. Schwänke,,Lügenmärchen,,,,,62
1890,1890,1890,,,"Die Flinte geht aus Versehen los; Auerhahn, der Auswuchs an dem Baum, Bär, Hase u. a.",,III. Schwänke,,Lügenmärchen,1890–1909,Jagdgeschichten,,,62
1891,1891,1891,,Der grosse Hasenfang,die Hasen frieren Nachts mit den Pfoten im Eise fest.,The great hare-catch,III. Schwänke,,Lügenmärchen,1890–1909,Jagdgeschichten,,,62
1892,1892,1892,,,"Das geschundene Pferd wälzt sich auf dem Felde; in seinen Flanken wächst Hafer; der Mann bindet eine Keule an den Schwanz des Pferdes, erbeutet auf diese Weise viele Birkhühner.",,III. Schwänke,,Lügenmärchen,1890–1909,Jagdgeschichten,,,62
1895,1895,1895,,,Ein Mann watet durchs Wasser; in seinen Stiefeln fangen sich dabei viele Fische.,,III. Schwänke,,Lügenmärchen,1890–1909,Jagdgeschichten,,,62
1920,1920,1920,,Wettstreit im Lügen,,The lying contest,III. Schwänke,,Lügenmärchen,,,,,62
1920 A,1920,1920,A,,"Der eine: „das Meer brennt“, der andere: „viele gebratene Fische“; der grosse Kohl (vgl. No. 1960 D), der grosse Kessel (vgl. No. 1960 F) (Gg No. 95).",,III. Schwänke,,Lügenmärchen,,,95,,62
1920 B,1920,1920,B,,"Der eine sagt: „Ich habe keine Zeit“, und lügt dabei (der grosse Fischfang, vgl. No. 1960 C).",,III. Schwänke,,Lügenmärchen,,,,,62
1920 C,1920,1920,C,,"Der Herr und der Bauer, die grossen Ochsen. [Der Jüngling bringt die Königstochter dazu, zu sagen: „das ist eine Lüge“, siehe No. 852].",,III. Schwänke,,Lügenmärchen,,,,,62
1930,1930,1930,,Schlaraffenland,"in dem unmögliche Dinge vorgehn (die Tauben rupfen einen Wolf, gebratene Hühner fliegen u. dergl.) (Grimm No. 158, 159).",The land of Cockaigne,III. Schwänke,,Lügenmärchen,,,,"158, 159",62
1931,1931,1931,,"Die Frau, die fragt, wie es daheim steht","bekommt lauter unmögliche Antworten: der See ist abgebrannt, der Hahn ist Küster geworden u. s. w. align=""right"" valign=""top"" |",The woman who asked how things stood at home,III. Schwänke,,Lügenmärchen,,,,,62
1940,1940,1940,,Die sonderbaren Namen,"der Hof, in dem Tiere und Gegenstände sonderbare Namen haben (Gg No. 93).",The strange names,III. Schwänke,,Lügenmärchen,,,93,,63
1950,1950,1950,,Die drei Faulen,wer der faulste ist; jeder erzählt eine Probe seiner Faulheit (Grimm No. 151).,The three lazy ones,III. Schwänke,,Lügenmärchen,,,,151,63
1960,1960,1960,,Das grosse Tier oder der grosse Gegenstand,,The great animal or the great object,III. Schwänke,,Lügenmärchen,,,,,63
1960 A,1960,1960,A,,"Der grosse Ochse (Pferd, Schaf u. a.).",,III. Schwänke,,Lügenmärchen,,,,,63
1960 B,1960,1960,B,,Der grosse Fisch.,,III. Schwänke,,Lügenmärchen,,,,,63
1960 C,1960,1960,C,,Der grosse Fischfang (vgl. No. 1920 B).,,III. Schwänke,,Lügenmärchen,,,,,63
1960 D,1960,1960,D,,"Die grosse Rübe (Kohl, Kartoffel u. a.) (vgl. No. 1920 A) (Grimm No. 146).",,III. Schwänke,,Lügenmärchen,,,,146,63
1960 E,1960,1960,E,,"Der grosse Bauernhof (Pferde- und Viehstall, Mühle u. a.).",,III. Schwänke,,Lügenmärchen,,,,,63
1960 F,1960,1960,F,,Der grosse Kessel (vgl. No. 1920 A).,,III. Schwänke,,Lügenmärchen,,,,,63
1960 G,1960,1960,G,,Der grosse Baum (zum Himmel emporwachsende Pflanze u. a.).,,III. Schwänke,,Lügenmärchen,,,,,63
